,customer_id,churn_prediction,no,yes
3966,1544-JJMYL,0,0.9515577680261075,0.04844223197389239
1940,3323-CPBWR,0,0.6217962481638205,0.3782037518361795
5226,6598-RFFVI,0,0.9733251961243038,0.026674803875695617
4320,7781-EWARA,0,0.9324766548428214,0.06752334515717844
714,5759-RCVCB,0,0.6671112323282177,0.332888767671782
6402,9938-TKDGL,0,0.8397163688174056,0.1602836311825942
727,5909-ECHUI,0,0.5825866484678164,0.41741335153218384
537,4418-LZMSV,0,0.7976293359307711,0.20237066406922874
691,5542-DHSXL,0,0.6013555005851375,0.3986444994148626
1871,3027-ZTDHO,1,0.40446496293491196,0.595535037065088
5386,0556-FJEGU,0,0.9515577680261075,0.04844223197389239
99,0887-HJGAR,0,0.6013555005851375,0.3986444994148626
2094,4060-LDNLU,1,0.40446496293491196,0.595535037065088
5938,9443-JUBUO,0,0.9515577680261075,0.04844223197389239
491,4074-SJFFA,0,0.5825866484678164,0.41741335153218384
4148,4825-XJGDM,0,0.9733251961243038,0.026674803875695617
4344,8190-ZTQFB,0,0.8782749104991427,0.12172508950085716
5312,8958-JPTRR,0,0.957341728035704,0.04265827196429575
3644,5345-BMKWB,0,0.7652804543988877,0.23471954560111208
449,3776-EKTKM,0,0.5825866484678164,0.41741335153218384
3398,1045-LTCYT,0,0.7976293359307711,0.20237066406922874
6956,8577-QSOCG,0,0.957341728035704,0.04265827196429575
5918,9140-CZQZZ,0,0.9515577680261075,0.04844223197389239
3596,4486-EFAEB,0,0.7652804543988877,0.23471954560111208
3167,9172-ANCRX,1,0.40446496293491196,0.595535037065088
3021,8404-FYDIB,0,0.5339254868195528,0.466074513180447
4887,8152-UOBNY,0,0.8397163688174056,0.1602836311825942
1092,8805-JNRAZ,0,0.6013555005851375,0.3986444994148626
1162,9481-SFCQY,0,0.6671112323282177,0.332888767671782
1621,1981-INRFU,1,0.40446496293491196,0.595535037065088
141,1324-NLTJE,0,0.7976293359307711,0.20237066406922874
2551,6077-BDPXA,1,0.4259249463798404,0.5740750536201593
2532,5981-ITEMU,0,0.521802794536145,0.47819720546385475
4806,6599-GZWCM,0,0.7961627084050305,0.20383729159496977
1045,8450-UYIBU,0,0.5825866484678164,0.41741335153218384
2807,7321-PKUYW,0,0.5427880121607214,0.45721198783927863
2078,3976-BWUCK,0,0.6217962481638205,0.3782037518361795
1200,9761-XUJWD,0,0.7612857959550486,0.23871420404495122
5774,6897-RWMUB,0,0.9733251961243038,0.026674803875695617
4767,5802-ADBRC,0,0.7579881818154917,0.2420118181845087
282,2446-ZKVAF,0,0.6773911893133002,0.3226088106866992
579,4701-MLJPN,0,0.7652804543988877,0.23471954560111208
4873,7856-GANIL,0,0.8765030070179128,0.12349699298208726
6143,4016-BJKTZ,0,0.8397163688174056,0.1602836311825942
4270,6967-PEJLL,0,0.957341728035704,0.04265827196429575
6587,2799-TSLAG,0,0.9733251961243038,0.026674803875695617
6087,2599-CIPQE,0,0.8765030070179128,0.12349699298208726
4269,6941-KXRRV,0,0.9147223266423987,0.08527767335760134
5347,9891-NQDBD,0,0.957341728035704,0.04265827196429575
3343,9948-YPTDG,1,0.4259249463798404,0.5740750536201593
4541,1696-HXOWK,0,0.7579881818154917,0.2420118181845087
1566,1658-XUHBX,0,0.521802794536145,0.47819720546385475
5297,8595-SIZNC,0,0.9733251961243038,0.026674803875695617
6460,0902-XKXPN,0,0.9733251961243038,0.026674803875695617
3421,1385-TQOZW,0,0.7976293359307711,0.20237066406922874
2721,6908-VVYHM,1,0.40446496293491196,0.595535037065088
5982,0136-IFMYD,0,0.8397163688174056,0.1602836311825942
3148,9079-LWTFD,0,0.5427880121607214,0.45721198783927863
1234,0089-IIQKO,0,0.6217962481638205,0.3782037518361795
2613,6376-GAHQE,1,0.40446496293491196,0.595535037065088
1689,2265-CYWIV,1,0.40446496293491196,0.595535037065088
5937,9435-JMLSX,0,0.9515577680261075,0.04844223197389239
3797,8329-IBCTI,0,0.7652804543988877,0.23471954560111208
34,0322-YINQP,0,0.6013555005851375,0.3986444994148626
5245,7089-RKVSZ,0,0.957341728035704,0.04265827196429575
3728,7083-YNSKY,0,0.7976293359307711,0.20237066406922874
2175,4450-DLLMH,0,0.5339254868195528,0.466074513180447
344,2959-EEXWB,0,0.6671112323282177,0.332888767671782
6160,4393-GEADV,0,0.8765030070179128,0.12349699298208726
5360,0244-LGNFY,0,0.9515577680261075,0.04844223197389239
1617,1965-AKTSX,1,0.4259249463798404,0.5740750536201593
3157,9124-LHCJQ,1,0.40446496293491196,0.595535037065088
2812,7346-MEDWM,1,0.4259249463798404,0.5740750536201593
422,3594-KADLU,0,0.7652804543988877,0.23471954560111208
6279,7134-HBPBS,0,0.8765030070179128,0.12349699298208726
2056,3865-ZYKAD,0,0.5339254868195528,0.466074513180447
2058,3874-EQOEP,1,0.40446496293491196,0.595535037065088
4769,5828-AVIPD,0,0.8397163688174056,0.1602836311825942
1161,9474-PHLYD,0,0.5825866484678164,0.41741335153218384
6903,7729-XBTWX,0,0.957341728035704,0.04265827196429575
2813,7354-OIJLX,1,0.4259249463798404,0.5740750536201593
4739,5312-IRCFR,0,0.7579881818154917,0.2420118181845087
6907,7876-DNYAP,0,0.9733251961243038,0.026674803875695617
85,0811-GSDTP,0,0.6013555005851375,0.3986444994148626
6456,0831-JNISG,0,0.957341728035704,0.04265827196429575
1457,1086-LXKFY,1,0.4259249463798404,0.5740750536201593
7035,9916-AYHTC,0,0.9733251961243038,0.026674803875695617
2661,6618-RYATB,1,0.4259249463798404,0.5740750536201593
2635,6481-ESCNL,0,0.521802794536145,0.47819720546385475
5648,5135-RDDQL,0,0.9456333861145779,0.05436661388542174
5255,7328-OWMOM,0,0.9733251961243038,0.026674803875695617
2497,5883-GTGVD,1,0.40446496293491196,0.595535037065088
1244,0122-OAHPZ,1,0.4259249463798404,0.5740750536201593
5999,0536-ACXIP,0,0.7579881818154917,0.2420118181845087
3481,2371-JUNGC,0,0.7652804543988877,0.23471954560111208
4625,3199-NPKCN,0,0.8397163688174056,0.1602836311825942
4502,1024-KPRBB,0,0.7579881818154917,0.2420118181845087
5083,2862-JVEOY,0,0.957341728035704,0.04265827196429575
3029,8443-WVPSS,0,0.5427880121607214,0.45721198783927863
2127,4194-WHFCB,0,0.6217962481638205,0.3782037518361795
3483,2410-CIYFZ,0,0.7652804543988877,0.23471954560111208
5103,3506-OVLKD,0,0.9733251961243038,0.026674803875695617
5524,3108-PCCGG,0,0.9147223266423987,0.08527767335760134
5119,3935-TBRZZ,0,0.957341728035704,0.04265827196429575
6607,3120-FAZKD,0,0.9733251961243038,0.026674803875695617
1130,9115-YQHGA,0,0.7652804543988877,0.23471954560111208
5529,3219-JQRSL,0,0.9515577680261075,0.04844223197389239
3439,1724-IQWNM,0,0.7652804543988877,0.23471954560111208
5196,5917-RYRMG,0,0.9733251961243038,0.026674803875695617
6934,8229-BUJHX,0,0.9733251961243038,0.026674803875695617
6022,1116-DXXDF,0,0.7579881818154917,0.2420118181845087
6141,3892-NXAZG,0,0.8765030070179128,0.12349699298208726
3103,8818-DOPVL,1,0.40446496293491196,0.595535037065088
3829,9063-ZGTUY,0,0.7652804543988877,0.23471954560111208
6053,1830-GGFNM,0,0.9078056302073033,0.09219436979269677
3669,5850-BDWCY,0,0.7652804543988877,0.23471954560111208
5041,1757-TCATG,0,0.9733251961243038,0.026674803875695617
3665,5702-SKUOB,0,0.7652804543988877,0.23471954560111208
368,3132-TVFDZ,0,0.5825866484678164,0.41741335153218384
2277,4854-CIDCF,1,0.4259249463798404,0.5740750536201593
3551,3679-XASPY,0,0.7652804543988877,0.23471954560111208
5206,6072-NUQCB,0,0.9733251961243038,0.026674803875695617
7015,9565-AXSMR,0,0.957341728035704,0.04265827196429575
1817,2842-BCQGE,0,0.5339254868195528,0.466074513180447
6511,1657-DYMBM,0,0.9733251961243038,0.026674803875695617
185,1629-DQQVB,0,0.6773911893133002,0.3226088106866992
4959,9518-RWHZL,0,0.8112738370872923,0.18872616291270777
6467,1052-QJIBV,0,0.9733251961243038,0.026674803875695617
6537,2050-ONYDQ,0,0.9733251961243038,0.026674803875695617
1430,0946-CLJTI,1,0.40446496293491196,0.595535037065088
5093,3146-JTQHR,0,0.9733251961243038,0.026674803875695617
5445,1775-KWJKQ,0,0.9515577680261075,0.04844223197389239
3739,7291-CDTMJ,0,0.7976293359307711,0.20237066406922874
265,2273-QCKXA,0,0.7652804543988877,0.23471954560111208
4261,6810-VCAEX,0,0.9733251961243038,0.026674803875695617
2482,5804-LEPIM,1,0.4259249463798404,0.5740750536201593
2962,8062-YBDOE,1,0.4259249463798404,0.5740750536201593
2326,5108-ADXWO,1,0.4259249463798404,0.5740750536201593
6707,4735-BJKOU,0,0.957341728035704,0.04265827196429575
5719,6122-LJADA,0,0.9515577680261075,0.04844223197389239
4972,9821-BESNZ,0,0.8397163688174056,0.1602836311825942
5138,4464-JCOLN,0,0.957341728035704,0.04265827196429575
1098,8878-HMWBV,0,0.6013555005851375,0.3986444994148626
5616,4718-WXBGI,0,0.9515577680261075,0.04844223197389239
392,3346-BRMIS,0,0.5825866484678164,0.41741335153218384
4900,8375-KVTHK,0,0.8397163688174056,0.1602836311825942
1226,0018-NYROU,1,0.4259249463798404,0.5740750536201593
1310,0390-DCFDQ,1,0.4259249463798404,0.5740750536201593
6363,9031-ZVQPT,0,0.8397163688174056,0.1602836311825942
534,4373-VVHQL,0,0.6013555005851375,0.3986444994148626
5490,2404-JIBFC,0,0.9515577680261075,0.04844223197389239
6139,3870-SPZSI,0,0.8765030070179128,0.12349699298208726
1104,8904-OPDCK,0,0.6773911893133002,0.3226088106866992
5333,9602-WCXPI,0,0.9733251961243038,0.026674803875695617
1020,8229-MYEJZ,0,0.6013555005851375,0.3986444994148626
4703,4815-YOSUK,0,0.8765030070179128,0.12349699298208726
5765,6723-CEGQI,0,0.9324766548428214,0.06752334515717844
120,1114-CENIM,0,0.6773911893133002,0.3226088106866992
650,5207-PLSTK,0,0.6013555005851375,0.3986444994148626
6545,2169-RRLFW,0,0.9733251961243038,0.026674803875695617
4965,9705-IOVQQ,0,0.7579881818154917,0.2420118181845087
4061,3340-QBBFM,0,0.9733251961243038,0.026674803875695617
885,7240-ETPTR,0,0.5825866484678164,0.41741335153218384
505,4195-NZGTA,0,0.6013555005851375,0.3986444994148626
6153,4178-EGMON,0,0.9078056302073033,0.09219436979269677
2314,5032-MIYKT,1,0.4259249463798404,0.5740750536201593
1303,0365-GXEZS,0,0.5965293476940922,0.4034706523059078
326,2833-SLKDQ,0,0.6013555005851375,0.3986444994148626
488,4061-UKJWL,0,0.6013555005851375,0.3986444994148626
6018,1053-MXTTK,0,0.8765030070179128,0.12349699298208726
3098,8800-JOOCF,1,0.40446496293491196,0.595535037065088
3191,9300-AGZNL,1,0.40446496293491196,0.595535037065088
2564,6137-NICCO,1,0.40446496293491196,0.595535037065088
5377,0440-EKDCF,0,0.9733251961243038,0.026674803875695617
1053,8582-KRHPJ,0,0.6013555005851375,0.3986444994148626
1308,0378-TOVMS,0,0.5427880121607214,0.45721198783927863
4991,0221-NAUXK,0,0.9733251961243038,0.026674803875695617
1655,2082-OJVTK,1,0.40446496293491196,0.595535037065088
3221,9450-TRJUU,1,0.40446496293491196,0.595535037065088
3405,1135-LMECX,0,0.7652804543988877,0.23471954560111208
4543,1707-HABPF,0,0.8112738370872923,0.18872616291270777
3760,7764-BDPEE,0,0.7652804543988877,0.23471954560111208
5175,5451-MHQOF,0,0.957341728035704,0.04265827196429575
2775,7198-GLXTC,1,0.40446496293491196,0.595535037065088
5401,0771-CHWSK,0,0.9147223266423987,0.08527767335760134
4375,8788-DOXSU,0,0.9147223266423987,0.08527767335760134
4919,8752-GHJFU,0,0.8749650331307646,0.12503496686923551
4978,9896-UYMIE,0,0.8765030070179128,0.12349699298208726
2719,6906-ANDWJ,0,0.5339254868195528,0.466074513180447
4449,0100-DUVFC,0,0.7579881818154917,0.2420118181845087
1336,0506-LVNGN,0,0.5339254868195528,0.466074513180447
2261,4821-SJHJV,1,0.40446496293491196,0.595535037065088
5123,4116-IQRFR,0,0.9733251961243038,0.026674803875695617
3517,3007-FDPEA,0,0.7976293359307711,0.20237066406922874
5404,0813-TAXXS,0,0.9147223266423987,0.08527767335760134
3667,5766-ZJYBB,0,0.7652804543988877,0.23471954560111208
4371,8745-PVESG,0,0.9733251961243038,0.026674803875695617
2728,6952-OMNWB,0,0.5339254868195528,0.466074513180447
933,7619-ODSGN,0,0.6013555005851375,0.3986444994148626
4567,2252-ISRNH,0,0.7579881818154917,0.2420118181845087
5074,2682-KEVRP,0,0.957341728035704,0.04265827196429575
2527,5960-WPXQM,1,0.40446496293491196,0.595535037065088
5272,7817-OMJNA,0,0.9733251961243038,0.026674803875695617
4565,2239-JALAW,0,0.8112738370872923,0.18872616291270777
6156,4366-CTOUZ,0,0.8397163688174056,0.1602836311825942
1668,2154-KVJFF,1,0.4259249463798404,0.5740750536201593
6602,3078-ZKNTS,0,0.9733251961243038,0.026674803875695617
5126,4163-NCJAK,0,0.9733251961243038,0.026674803875695617
4974,9831-BPFRI,0,0.8749650331307646,0.12503496686923551
7020,9624-EGDEQ,0,0.957341728035704,0.04265827196429575
6959,8626-XHBIE,0,0.957341728035704,0.04265827196429575
4464,0406-BPDVR,0,0.8112738370872923,0.18872616291270777
4457,0233-FTHAV,0,0.8499922482623324,0.15000775173766728
4030,2725-IWWBA,0,0.957341728035704,0.04265827196429575
4045,3021-VLNRJ,0,0.9515577680261075,0.04844223197389239
598,4855-SNKMY,0,0.6013555005851375,0.3986444994148626
1706,2359-KMGLI,1,0.4259249463798404,0.5740750536201593
2046,3811-VBYBZ,1,0.40446496293491196,0.595535037065088
23,0274-JKUJR,0,0.5825866484678164,0.41741335153218384
3838,9184-GALIL,0,0.7652804543988877,0.23471954560111208
132,1230-QAJDW,0,0.7159580935814571,0.28404190641854277
2784,7233-DRTRF,1,0.40446496293491196,0.595535037065088
295,2586-CWXVV,0,0.6013555005851375,0.3986444994148626
5284,8249-THVEC,0,0.957341728035704,0.04265827196429575
80,0778-NELLA,0,0.6671112323282177,0.332888767671782
5019,1133-KXCGE,0,0.957341728035704,0.04265827196429575
1422,0924-BJCRC,1,0.40446496293491196,0.595535037065088
6077,2388-LAESQ,0,0.8765030070179128,0.12349699298208726
330,2853-CWQFQ,0,0.7159580935814571,0.28404190641854277
893,7318-EIVKO,0,0.5825866484678164,0.41741335153218384
686,5515-RUGKN,0,0.6671112323282177,0.332888767671782
4878,7975-TZMLR,0,0.7579881818154917,0.2420118181845087
7001,9350-ZXYJC,0,0.9733251961243038,0.026674803875695617
4179,5315-CKEQK,0,0.9077936893565386,0.09220631064346146
4132,4598-ZADCK,0,0.9324766548428214,0.06752334515717844
2540,6017-PPLPX,1,0.4259249463798404,0.5740750536201593
3845,9364-YKUVW,0,0.7652804543988877,0.23471954560111208
4152,4890-VMUAV,0,0.957341728035704,0.04265827196429575
4899,8348-JLBUG,0,0.8499922482623324,0.15000775173766728
5659,5256-SKJGO,0,0.9324766548428214,0.06752334515717844
5112,3721-CNZHX,0,0.957341728035704,0.04265827196429575
3508,2812-SFXMJ,0,0.7652804543988877,0.23471954560111208
1448,1041-RXHRA,0,0.5339254868195528,0.466074513180447
5905,8990-YOZLV,0,0.957341728035704,0.04265827196429575
3931,0975-UYDTX,0,0.9515577680261075,0.04844223197389239
6859,7115-IRDHS,0,0.9733251961243038,0.026674803875695617
5852,8106-GWQOK,0,0.9515577680261075,0.04844223197389239
738,5999-LCXAO,0,0.6013555005851375,0.3986444994148626
5805,7340-KEFQE,0,0.9733251961243038,0.026674803875695617
6547,2207-RYYRL,0,0.957341728035704,0.04265827196429575
4308,7619-PLRLP,0,0.9147223266423987,0.08527767335760134
57,0601-WZHJF,0,0.5825866484678164,0.41741335153218384
6706,4707-MAXGU,0,0.9733251961243038,0.026674803875695617
2960,8058-JMEQO,1,0.40446496293491196,0.595535037065088
968,7851-FLGGQ,0,0.7159580935814571,0.28404190641854277
3678,6036-TTFYU,0,0.7652804543988877,0.23471954560111208
662,5351-QESIO,0,0.6013555005851375,0.3986444994148626
6430,0480-KYJVA,0,0.9733251961243038,0.026674803875695617
508,4223-WOZCM,0,0.6013555005851375,0.3986444994148626
2077,3969-GYXEL,1,0.4259249463798404,0.5740750536201593
2901,7780-OTDSO,1,0.40446496293491196,0.595535037065088
1639,2038-LLMLM,0,0.5427880121607214,0.45721198783927863
3709,6648-INWPS,0,0.7652804543988877,0.23471954560111208
6265,6859-QNXIQ,0,0.8765030070179128,0.12349699298208726
4325,7841-FCRQD,0,0.9733251961243038,0.026674803875695617
2523,5955-ERIHD,1,0.40446496293491196,0.595535037065088
5978,0017-IUDMW,0,0.8765030070179128,0.12349699298208726
4118,4369-NYSCF,0,0.9515577680261075,0.04844223197389239
1317,0419-YAAPX,0,0.521802794536145,0.47819720546385475
2424,5494-HECPR,1,0.40446496293491196,0.595535037065088
5745,6463-MVYRY,0,0.9515577680261075,0.04844223197389239
4305,7576-ASEJU,0,0.9515577680261075,0.04844223197389239
4985,0042-JVWOJ,0,0.9733251961243038,0.026674803875695617
3473,2243-FNMMI,0,0.7652804543988877,0.23471954560111208
795,6475-VHUIZ,0,0.7652804543988877,0.23471954560111208
3556,3727-JEZTU,0,0.7652804543988877,0.23471954560111208
3248,9565-DJPIB,1,0.40446496293491196,0.595535037065088
3302,9800-ONTFE,0,0.5339254868195528,0.466074513180447
1841,2929-ERCFZ,1,0.40446496293491196,0.595535037065088
3635,5049-GLYVG,0,0.7652804543988877,0.23471954560111208
5799,7253-UVNDW,0,0.9733251961243038,0.026674803875695617
1924,3249-ZPQRG,1,0.4259249463798404,0.5740750536201593
12,0128-MKWSG,0,0.7159580935814571,0.28404190641854277
2188,4512-ZUIYL,0,0.5339254868195528,0.466074513180447
6396,9845-PEEKO,0,0.8499922482623324,0.15000775173766728
1568,1670-SVOWZ,0,0.6217962481638205,0.3782037518361795
1579,1732-VHUBQ,0,0.5339254868195528,0.466074513180447
1431,0947-IDHRQ,1,0.40446496293491196,0.595535037065088
2312,5027-QPKTE,1,0.4259249463798404,0.5740750536201593
4106,4123-FCVCB,0,0.9324766548428214,0.06752334515717844
2413,5433-KYGHE,0,0.5965293476940922,0.4034706523059078
5791,7138-GIRSH,0,0.9515577680261075,0.04844223197389239
3095,8782-LKFPK,1,0.40446496293491196,0.595535037065088
6691,4521-WFJAI,0,0.9733251961243038,0.026674803875695617
5688,5727-MYATE,0,0.9515577680261075,0.04844223197389239
4093,3941-XTSKM,0,0.9147223266423987,0.08527767335760134
6782,5854-KSRBJ,0,0.957341728035704,0.04265827196429575
3520,3030-ZKIWL,0,0.7652804543988877,0.23471954560111208
2339,5146-CBVOE,0,0.5339254868195528,0.466074513180447
722,5858-EAFCZ,0,0.6013555005851375,0.3986444994148626
5286,8327-WKMIE,0,0.9733251961243038,0.026674803875695617
873,7078-NVFAM,0,0.6013555005851375,0.3986444994148626
5860,8181-YHCMF,0,0.9515577680261075,0.04844223197389239
1876,3055-OYMSE,0,0.5339254868195528,0.466074513180447
477,3969-JQABI,0,0.6671112323282177,0.332888767671782
6444,0625-AFOHS,0,0.957341728035704,0.04265827196429575
5436,1498-NHTLT,0,0.9324766548428214,0.06752334515717844
1663,2123-AGEEN,1,0.40446496293491196,0.595535037065088
904,7389-KBFIT,0,0.6013555005851375,0.3986444994148626
6698,4625-LAMOB,0,0.9733251961243038,0.026674803875695617
4876,7940-UQQUG,0,0.8765030070179128,0.12349699298208726
2154,4329-YPDDQ,0,0.6217962481638205,0.3782037518361795
91,0836-SEYLU,0,0.7159580935814571,0.28404190641854277
1005,8100-HZZLJ,0,0.5825866484678164,0.41741335153218384
3526,3097-PYWXL,0,0.7652804543988877,0.23471954560111208
5423,1187-WILMM,0,0.9515577680261075,0.04844223197389239
2293,4929-XIHVW,0,0.521802794536145,0.47819720546385475
5000,0784-GTUUK,0,0.9733251961243038,0.026674803875695617
2736,6986-IJDHX,1,0.40446496293491196,0.595535037065088
30,0311-QYWSS,0,0.6013555005851375,0.3986444994148626
5881,8414-OOEEL,0,0.9515577680261075,0.04844223197389239
5841,7921-BEPCI,0,0.9456333861145779,0.05436661388542174
4777,5996-NRVXR,0,0.8765030070179128,0.12349699298208726
4594,2722-VOJQL,0,0.8765030070179128,0.12349699298208726
1471,1193-RTSLK,0,0.5339254868195528,0.466074513180447
5946,9499-XPZXM,0,0.9733251961243038,0.026674803875695617
6696,4589-IUAJB,0,0.9733251961243038,0.026674803875695617
1916,3211-AAPKX,0,0.5427880121607214,0.45721198783927863
5784,7037-MTYVW,0,0.9515577680261075,0.04844223197389239
2012,3663-MITLP,1,0.40446496293491196,0.595535037065088
531,4360-QRAVE,0,0.6013555005851375,0.3986444994148626
3795,8305-VHZBZ,0,0.7652804543988877,0.23471954560111208
485,4013-UBXWQ,0,0.7159580935814571,0.28404190641854277
20,0248-IPDFW,0,0.6013555005851375,0.3986444994148626
6203,5453-YBTWV,0,0.8765030070179128,0.12349699298208726
2752,7056-IMHCC,1,0.40446496293491196,0.595535037065088
1095,8824-RWFXJ,0,0.6013555005851375,0.3986444994148626
4168,5127-BZENZ,0,0.9147223266423987,0.08527767335760134
6591,2817-LVCPP,0,0.9733251961243038,0.026674803875695617
656,5295-PCJOO,0,0.6013555005851375,0.3986444994148626
5291,8499-BRXTD,0,0.957341728035704,0.04265827196429575
6038,1447-PJGGA,0,0.7579881818154917,0.2420118181845087
4816,6728-DKUCO,0,0.7579881818154917,0.2420118181845087
3147,9061-TIHDA,1,0.40446496293491196,0.595535037065088
3197,9330-IJWIO,1,0.40446496293491196,0.595535037065088
5186,5774-QPLTF,0,0.957341728035704,0.04265827196429575
239,2091-MJTFX,0,0.7612857959550486,0.23871420404495122
5935,9385-NXKDA,0,0.9147223266423987,0.08527767335760134
6448,0732-OCQOC,0,0.9733251961243038,0.026674803875695617
1764,2642-DTVCO,1,0.40446496293491196,0.595535037065088
1731,2475-MROZF,0,0.6617103668262011,0.33828963317379923
4279,7049-GKVZY,0,0.9515577680261075,0.04844223197389239
2376,5294-DMSFH,0,0.521802794536145,0.47819720546385475
2789,7245-NIIWQ,1,0.4259249463798404,0.5740750536201593
759,6158-HDPXZ,0,0.6013555005851375,0.3986444994148626
5665,5327-XOKKY,0,0.9147223266423987,0.08527767335760134
2329,5119-KEPFY,0,0.521802794536145,0.47819720546385475
4262,6827-IEAUQ,0,0.957341728035704,0.04265827196429575
1947,3370-GQEAL,1,0.40446496293491196,0.595535037065088
3578,4079-ULGFR,0,0.7652804543988877,0.23471954560111208
6812,6370-ZVHDV,0,0.9733251961243038,0.026674803875695617
3571,3977-QCRSL,0,0.7652804543988877,0.23471954560111208
3702,6506-EYCNH,0,0.7976293359307711,0.20237066406922874
5800,7274-CGTOD,0,0.9733251961243038,0.026674803875695617
6648,3696-DFHHB,0,0.9733251961243038,0.026674803875695617
618,5018-LXQQG,0,0.7612857959550486,0.23871420404495122
4938,9114-VEPUF,0,0.7579881818154917,0.2420118181845087
3808,8620-RJPZN,0,0.7652804543988877,0.23471954560111208
690,5533-RJFTJ,0,0.6773911893133002,0.3226088106866992
5870,8295-KMENE,0,0.9324766548428214,0.06752334515717844
6728,5014-GSOUQ,0,0.957341728035704,0.04265827196429575
3448,1850-AKQEP,0,0.7652804543988877,0.23471954560111208
4052,3161-ONRWK,0,0.9733251961243038,0.026674803875695617
560,4566-QVRRW,0,0.6013555005851375,0.3986444994148626
2706,6860-YRJZP,1,0.4259249463798404,0.5740750536201593
2317,5044-LRQAQ,0,0.5339254868195528,0.466074513180447
1474,1196-AMORA,1,0.4259249463798404,0.5740750536201593
1465,1157-BQCUW,1,0.4259249463798404,0.5740750536201593
2151,4307-KTUMW,1,0.40446496293491196,0.595535037065088
638,5155-AZQPB,0,0.6013555005851375,0.3986444994148626
5865,8208-EUMTE,0,0.9324766548428214,0.06752334515717844
2217,4614-NUVZD,1,0.40446496293491196,0.595535037065088
6940,8314-HTWVE,0,0.957341728035704,0.04265827196429575
3369,0380-ZCSBI,0,0.7976293359307711,0.20237066406922874
6242,6435-VWCCY,0,0.8112738370872923,0.18872616291270777
2753,7072-MBHEV,0,0.5339254868195528,0.466074513180447
4391,9060-HJJRW,0,0.9147223266423987,0.08527767335760134
6164,4622-YNKIJ,0,0.8397163688174056,0.1602836311825942
6370,9220-ZNKJI,0,0.8765030070179128,0.12349699298208726
6938,8285-ABVLB,0,0.9733251961243038,0.026674803875695617
3496,2654-VBVPB,0,0.7976293359307711,0.20237066406922874
1458,1092-GANHU,1,0.4259249463798404,0.5740750536201593
6309,7826-VVKWT,0,0.7579881818154917,0.2420118181845087
6553,2236-HILPA,0,0.9733251961243038,0.026674803875695617
2115,4140-MUHUG,1,0.40446496293491196,0.595535037065088
6517,1767-CJKBA,0,0.957341728035704,0.04265827196429575
5787,7109-CQYUZ,0,0.9324766548428214,0.06752334515717844
4764,5716-LIBJC,0,0.8112738370872923,0.18872616291270777
1953,3387-VATUS,0,0.521802794536145,0.47819720546385475
4429,9720-JJJOR,0,0.9456333861145779,0.05436661388542174
1305,0376-OIWME,1,0.40446496293491196,0.595535037065088
5279,8084-OIVBS,0,0.957341728035704,0.04265827196429575
3683,6124-ACRHJ,0,0.7652804543988877,0.23471954560111208
5422,1172-VIYBP,0,0.9147223266423987,0.08527767335760134
4365,8627-EHGIP,0,0.8782749104991427,0.12172508950085716
4356,8383-SGHJU,0,0.957341728035704,0.04265827196429575
5640,5067-WJEUN,0,0.9456333861145779,0.05436661388542174
2383,5318-IXUZF,0,0.521802794536145,0.47819720546385475
3348,9974-JFBHQ,0,0.6217962481638205,0.3782037518361795
5536,3280-MRDOF,0,0.9515577680261075,0.04844223197389239
2711,6891-JPYFF,0,0.521802794536145,0.47819720546385475
5701,5879-HMFFH,0,0.9515577680261075,0.04844223197389239
131,1226-UDFZR,0,0.6013555005851375,0.3986444994148626
1036,8356-WUAOJ,0,0.6013555005851375,0.3986444994148626
252,2189-UXTKY,0,0.7159580935814571,0.28404190641854277
588,4749-VFKVB,0,0.6013555005851375,0.3986444994148626
3637,5067-DGXLL,0,0.7652804543988877,0.23471954560111208
3507,2792-VPPET,0,0.7652804543988877,0.23471954560111208
4844,7129-AZJDE,0,0.8112738370872923,0.18872616291270777
2478,5760-FXFVO,1,0.4259249463798404,0.5740750536201593
725,5882-CMAZQ,0,0.7652804543988877,0.23471954560111208
3451,1905-OEILC,0,0.7652804543988877,0.23471954560111208
6865,7225-IILWY,0,0.957341728035704,0.04265827196429575
1178,9577-WJVCQ,0,0.6013555005851375,0.3986444994148626
4799,6425-YQLLO,0,0.8765030070179128,0.12349699298208726
3123,8931-GJJIQ,1,0.40446496293491196,0.595535037065088
5522,3082-YVEKW,0,0.9515577680261075,0.04844223197389239
5704,5930-GBIWP,0,0.9515577680261075,0.04844223197389239
6473,1093-YSWCA,0,0.9733251961243038,0.026674803875695617
4273,6981-TDRFT,0,0.9324766548428214,0.06752334515717844
589,4765-OXPPD,0,0.7652804543988877,0.23471954560111208
1397,0781-LKXBR,1,0.40446496293491196,0.595535037065088
5751,6549-BTYPG,0,0.9515577680261075,0.04844223197389239
1368,0641-EVBOJ,0,0.5965293476940922,0.4034706523059078
5611,4671-VJLCL,0,0.9515577680261075,0.04844223197389239
6807,6323-AYBRX,0,0.957341728035704,0.04265827196429575
2988,8183-ONMXC,1,0.40446496293491196,0.595535037065088
301,2625-TRCZQ,0,0.5825866484678164,0.41741335153218384
5421,1139-WUOAH,0,0.9515577680261075,0.04844223197389239
798,6497-TILVL,0,0.6013555005851375,0.3986444994148626
6476,1106-HRLKZ,0,0.957341728035704,0.04265827196429575
6789,5970-GHJAW,0,0.9733251961243038,0.026674803875695617
813,6620-HVDUJ,0,0.7976293359307711,0.20237066406922874
6426,0404-AHASP,0,0.9733251961243038,0.026674803875695617
489,4065-JJAVA,0,0.6013555005851375,0.3986444994148626
433,3669-LVWZB,0,0.5825866484678164,0.41741335153218384
4632,3325-FUYCG,0,0.7579881818154917,0.2420118181845087
5874,8336-TAVKX,0,0.9515577680261075,0.04844223197389239
5723,6177-PEVRA,0,0.9456333861145779,0.05436661388542174
6398,9861-PDSZP,0,0.8765030070179128,0.12349699298208726
29,0295-QVKPB,0,0.7612857959550486,0.23871420404495122
2778,7207-RMRDB,1,0.40446496293491196,0.595535037065088
4341,8109-YUOHE,0,0.9077936893565386,0.09220631064346146
4574,2325-WINES,0,0.8112738370872923,0.18872616291270777
1546,1571-SAVHK,0,0.5427880121607214,0.45721198783927863
3930,0946-FKYTX,0,0.9077936893565386,0.09220631064346146
5250,7279-NMVJC,0,0.9733251961243038,0.026674803875695617
2825,7402-EYFXX,1,0.40446496293491196,0.595535037065088
3880,0080-EMYVY,0,0.9456333861145779,0.05436661388542174
4054,3181-VTHOE,0,0.9515577680261075,0.04844223197389239
4726,5168-MQQCA,0,0.8765030070179128,0.12349699298208726
3570,3976-NLDEZ,0,0.7652804543988877,0.23471954560111208
4842,7123-WQUHX,0,0.8765030070179128,0.12349699298208726
3296,9777-WJJPR,0,0.521802794536145,0.47819720546385475
3406,1140-UKVZG,0,0.7652804543988877,0.23471954560111208
2076,3966-HRMZA,1,0.4259249463798404,0.5740750536201593
1016,8205-MQUGY,0,0.6013555005851375,0.3986444994148626
3941,1122-YJBCS,0,0.9456333861145779,0.05436661388542174
917,7511-YMXVQ,0,0.5825866484678164,0.41741335153218384
6843,6917-FIJHC,0,0.957341728035704,0.04265827196429575
3121,8914-RBTSB,1,0.40446496293491196,0.595535037065088
3272,9681-KYGYB,1,0.4259249463798404,0.5740750536201593
2378,5299-SJCZT,0,0.521802794536145,0.47819720546385475
4853,7432-FFVAR,0,0.8765030070179128,0.12349699298208726
3534,3318-ISQFQ,0,0.7976293359307711,0.20237066406922874
6194,5286-YHCVC,0,0.8112738370872923,0.18872616291270777
286,2478-EEWWM,0,0.5825866484678164,0.41741335153218384
4520,1335-HQMKX,0,0.7579881818154917,0.2420118181845087
3970,1699-HPSBG,0,0.9324766548428214,0.06752334515717844
4218,6152-ONASV,0,0.9733251961243038,0.026674803875695617
5414,0979-MOZQI,0,0.9515577680261075,0.04844223197389239
1588,1792-UXAFY,1,0.40446496293491196,0.595535037065088
6574,2587-YNLES,0,0.957341728035704,0.04265827196429575
1114,8992-VONJD,0,0.6013555005851375,0.3986444994148626
6494,1328-EUZHC,0,0.957341728035704,0.04265827196429575
3821,8963-MQVYN,0,0.7652804543988877,0.23471954560111208
3896,0373-AIVNJ,0,0.9077936893565386,0.09220631064346146
46,0430-IHCDJ,0,0.6013555005851375,0.3986444994148626
346,2969-QWUBZ,0,0.5825866484678164,0.41741335153218384
5456,2000-DHJUY,0,0.9515577680261075,0.04844223197389239
2579,6210-KBBPI,0,0.521802794536145,0.47819720546385475
6905,7815-PDTHL,0,0.957341728035704,0.04265827196429575
6030,1304-SEGFY,0,0.7579881818154917,0.2420118181845087
1906,3186-BAXNB,0,0.5427880121607214,0.45721198783927863
3265,9626-VFRGG,0,0.521802794536145,0.47819720546385475
6980,8922-NPKBJ,0,0.957341728035704,0.04265827196429575
5087,2926-JEJJC,0,0.9733251961243038,0.026674803875695617
6449,0754-EEBDC,0,0.957341728035704,0.04265827196429575
1345,0537-QYZZN,1,0.4259249463798404,0.5740750536201593
2365,5243-SAOTC,0,0.5339254868195528,0.466074513180447
5473,2211-RMNHO,0,0.9515577680261075,0.04844223197389239
2633,6467-CHFZW,1,0.40446496293491196,0.595535037065088
6167,4683-WYDOU,0,0.8765030070179128,0.12349699298208726
2274,4846-WHAFZ,1,0.4259249463798404,0.5740750536201593
4202,5844-QVTAT,0,0.9077936893565386,0.09220631064346146
4469,0442-ZXKVS,0,0.8765030070179128,0.12349699298208726
5078,2809-ILCYT,0,0.957341728035704,0.04265827196429575
2362,5233-AOZUF,1,0.4259249463798404,0.5740750536201593
2947,8010-EZLOU,1,0.4259249463798404,0.5740750536201593
5275,8022-BECSI,0,0.957341728035704,0.04265827196429575
5444,1716-LSAMB,0,0.9733251961243038,0.026674803875695617
3594,4397-FRLTA,0,0.7652804543988877,0.23471954560111208
4063,3401-URHDA,0,0.9733251961243038,0.026674803875695617
4802,6481-OGDOO,0,0.8112738370872923,0.18872616291270777
3672,5906-BFOZT,0,0.7652804543988877,0.23471954560111208
3924,0810-DHDBD,0,0.9515577680261075,0.04844223197389239
1884,3088-LHEFH,0,0.5339254868195528,0.466074513180447
6876,7463-IFMQU,0,0.9733251961243038,0.026674803875695617
2863,7563-BIUPC,1,0.40446496293491196,0.595535037065088
4481,0670-ANMUU,0,0.8765030070179128,0.12349699298208726
3052,8584-KMVXD,1,0.4259249463798404,0.5740750536201593
1507,1374-DMZUI,1,0.40446496293491196,0.595535037065088
1064,8654-DHAOW,0,0.6013555005851375,0.3986444994148626
3127,8945-GRKHX,1,0.40446496293491196,0.595535037065088
1017,8217-QYOHV,0,0.7652804543988877,0.23471954560111208
6794,6024-RUGGH,0,0.9733251961243038,0.026674803875695617
2392,5364-EVNIB,1,0.4259249463798404,0.5740750536201593
5969,9888-ZCUMM,0,0.9515577680261075,0.04844223197389239
4714,5014-WUQMG,0,0.7579881818154917,0.2420118181845087
5666,5329-KRDTM,0,0.9515577680261075,0.04844223197389239
1893,3138-BKYAV,1,0.40446496293491196,0.595535037065088
1029,8280-MQRQN,0,0.6013555005851375,0.3986444994148626
3101,8808-ELEHO,1,0.4259249463798404,0.5740750536201593
4840,7080-TNUWP,0,0.8112738370872923,0.18872616291270777
1123,9069-LGEUL,0,0.6671112323282177,0.332888767671782
3330,9912-GVSEQ,1,0.40446496293491196,0.595535037065088
4531,1480-IVEVR,0,0.8499922482623324,0.15000775173766728
3814,8749-CLJXC,0,0.7652804543988877,0.23471954560111208
4417,9500-IWPXQ,0,0.9324766548428214,0.06752334515717844
6935,8232-UTFOZ,0,0.9733251961243038,0.026674803875695617
6774,5787-KXGIY,0,0.9733251961243038,0.026674803875695617
4604,2868-LLSKM,0,0.9078056302073033,0.09219436979269677
1129,9108-EJFJP,0,0.6013555005851375,0.3986444994148626
6627,3389-KTRXV,0,0.957341728035704,0.04265827196429575
1466,1169-WCVAK,0,0.6617103668262011,0.33828963317379923
5184,5627-TVBPP,0,0.9733251961243038,0.026674803875695617
206,1794-HBQTJ,0,0.6773911893133002,0.3226088106866992
1404,0848-ZGQIJ,0,0.521802794536145,0.47819720546385475
4101,4086-ATNFV,0,0.9077936893565386,0.09220631064346146
5859,8174-TBVCF,0,0.9515577680261075,0.04844223197389239
6864,7205-BAIAD,0,0.9733251961243038,0.026674803875695617
2760,7128-GGCNO,0,0.5339254868195528,0.466074513180447
665,5365-LLFYV,0,0.6013555005851375,0.3986444994148626
5722,6169-PGNCD,0,0.9515577680261075,0.04844223197389239
5530,3227-WLKLI,0,0.9515577680261075,0.04844223197389239
4934,8999-XXGNS,0,0.8112738370872923,0.18872616291270777
208,1803-BGNBD,0,0.7652804543988877,0.23471954560111208
2008,3643-AHCFP,0,0.521802794536145,0.47819720546385475
4166,5120-ZBLAI,0,0.9147223266423987,0.08527767335760134
5539,3397-AVTKU,0,0.8782749104991427,0.12172508950085716
3318,9866-QEVEE,0,0.521802794536145,0.47819720546385475
6137,3831-YCPUO,0,0.8765030070179128,0.12349699298208726
6571,2545-LXYVJ,0,0.9733251961243038,0.026674803875695617
5310,8902-ZEOVF,0,0.957341728035704,0.04265827196429575
4832,6967-QIQRV,0,0.8397163688174056,0.1602836311825942
3700,6476-EPYZR,0,0.7652804543988877,0.23471954560111208
1661,2115-BFTIW,1,0.4259249463798404,0.5740750536201593
5692,5766-FTRTS,0,0.9324766548428214,0.06752334515717844
4833,6994-FGRHH,0,0.8397163688174056,0.1602836311825942
6348,8809-XKHMD,0,0.8765030070179128,0.12349699298208726
6634,3498-LZGQZ,0,0.957341728035704,0.04265827196429575
4839,7067-KSAZT,0,0.7579881818154917,0.2420118181845087
5896,8690-ZVLCL,0,0.9515577680261075,0.04844223197389239
2886,7665-TOALD,1,0.4259249463798404,0.5740750536201593
5925,9236-NDUCW,0,0.957341728035704,0.04265827196429575
2740,6993-OHLXR,1,0.4259249463798404,0.5740750536201593
2142,4282-YMKNA,1,0.4259249463798404,0.5740750536201593
6292,7519-JTWQH,0,0.8765030070179128,0.12349699298208726
4514,1217-VASWC,0,0.8112738370872923,0.18872616291270777
4224,6229-UOLQL,0,0.9324766548428214,0.06752334515717844
624,5071-FBJFS,0,0.6013555005851375,0.3986444994148626
4557,2056-EVGZL,0,0.8765030070179128,0.12349699298208726
5697,5816-JMLGY,0,0.9515577680261075,0.04844223197389239
3773,7878-RTCZG,0,0.7652804543988877,0.23471954560111208
6712,4804-NCPET,0,0.957341728035704,0.04265827196429575
6323,8099-MZPUJ,0,0.8765030070179128,0.12349699298208726
2065,3914-FDRHP,0,0.5427880121607214,0.45721198783927863
6856,7083-MIOPC,0,0.9733251961243038,0.026674803875695617
3557,3744-ZBHON,0,0.7652804543988877,0.23471954560111208
4857,7550-WIQVA,0,0.7579881818154917,0.2420118181845087
6316,8015-IHCGW,0,0.8397163688174056,0.1602836311825942
6785,5893-KCLGT,0,0.957341728035704,0.04265827196429575
6990,9087-EYCPR,0,0.957341728035704,0.04265827196429575
2522,5950-AAAGJ,0,0.521802794536145,0.47819720546385475
6411,0174-QRVVY,0,0.9733251961243038,0.026674803875695617
2344,5168-MSWXT,1,0.40446496293491196,0.595535037065088
4916,8679-LZBMD,0,0.8112738370872923,0.18872616291270777
1688,2262-SLNVK,1,0.4259249463798404,0.5740750536201593
5930,9297-FVVDH,0,0.9324766548428214,0.06752334515717844
2675,6686-YPGHK,1,0.40446496293491196,0.595535037065088
802,6537-QLGEX,0,0.5825866484678164,0.41741335153218384
4091,3915-ODIYG,0,0.8782749104991427,0.12172508950085716
4213,6061-GWWAV,0,0.8782749104991427,0.12172508950085716
543,4439-YRNVD,0,0.7652804543988877,0.23471954560111208
2247,4763-PGDPO,1,0.4259249463798404,0.5740750536201593
5382,0513-RBGPE,0,0.9733251961243038,0.026674803875695617
5945,9489-JMTTN,0,0.9515577680261075,0.04844223197389239
4549,1899-VXWXM,0,0.8112738370872923,0.18872616291270777
6180,5089-IFSDP,0,0.8112738370872923,0.18872616291270777
3640,5144-PQCDZ,0,0.7652804543988877,0.23471954560111208
2137,4248-QPAVC,0,0.5339254868195528,0.466074513180447
4196,5815-HGGHV,0,0.9324766548428214,0.06752334515717844
6245,6519-ZHPXP,0,0.8765030070179128,0.12349699298208726
3615,4785-NKHCX,0,0.7976293359307711,0.20237066406922874
6616,3239-TPHPZ,0,0.957341728035704,0.04265827196429575
776,6317-YPKDH,0,0.6773911893133002,0.3226088106866992
4088,3850-OKINF,0,0.8782749104991427,0.12172508950085716
226,1976-CFOCS,0,0.6013555005851375,0.3986444994148626
4454,0201-OAMXR,0,0.8765030070179128,0.12349699298208726
1613,1932-UEDCX,0,0.521802794536145,0.47819720546385475
1498,1319-YLZJG,1,0.4259249463798404,0.5740750536201593
4921,8812-ZRHFP,0,0.7579881818154917,0.2420118181845087
651,5208-HFSBT,0,0.7976293359307711,0.20237066406922874
5258,7369-TRPFD,0,0.957341728035704,0.04265827196429575
5837,7860-KSUGX,0,0.9456333861145779,0.05436661388542174
6097,2927-CVULT,0,0.8765030070179128,0.12349699298208726
4637,3410-MHHUM,0,0.7579881818154917,0.2420118181845087
6075,2368-GAKKQ,0,0.8765030070179128,0.12349699298208726
7034,9838-BFCQT,0,0.957341728035704,0.04265827196429575
507,4208-UFFGW,0,0.6013555005851375,0.3986444994148626
5664,5321-NTRKC,0,0.9147223266423987,0.08527767335760134
3456,1991-VOPLL,0,0.7652804543988877,0.23471954560111208
1100,8885-QSQBX,0,0.6773911893133002,0.3226088106866992
2903,7786-WBJYI,0,0.5339254868195528,0.466074513180447
4598,2758-RNWXS,0,0.8397163688174056,0.1602836311825942
5834,7779-ORAEL,0,0.9515577680261075,0.04844223197389239
4159,4999-IEZLT,0,0.9733251961243038,0.026674803875695617
4762,5681-LLOEI,0,0.9078056302073033,0.09219436979269677
1087,8773-HHUOZ,0,0.5825866484678164,0.41741335153218384
2212,4587-VVTOX,1,0.40446496293491196,0.595535037065088
4211,6008-NAIXK,0,0.8782749104991427,0.12172508950085716
6597,2961-VNFKL,0,0.9733251961243038,0.026674803875695617
1931,3312-UUMZW,0,0.521802794536145,0.47819720546385475
3454,1963-VAUKV,0,0.7652804543988877,0.23471954560111208
3134,8999-BOHSE,0,0.521802794536145,0.47819720546385475
4304,7541-YLXCL,0,0.9324766548428214,0.06752334515717844
2714,6894-LFHLY,1,0.4259249463798404,0.5740750536201593
5130,4318-RAJVY,0,0.957341728035704,0.04265827196429575
4177,5294-CDGWY,0,0.8782749104991427,0.12172508950085716
345,2962-XPMCQ,0,0.6013555005851375,0.3986444994148626
119,1104-FEJAM,0,0.5825866484678164,0.41741335153218384
2805,7314-OXENN,1,0.4259249463798404,0.5740750536201593
5752,6559-ILWKJ,0,0.8782749104991427,0.12172508950085716
1620,1980-KXVPM,0,0.5339254868195528,0.466074513180447
6033,1352-HNSAW,0,0.8765030070179128,0.12349699298208726
1126,9097-ZUBYC,0,0.7976293359307711,0.20237066406922874
4069,3482-ABPKK,0,0.957341728035704,0.04265827196429575
2539,6015-VVHHE,0,0.521802794536145,0.47819720546385475
1063,8650-RHRKE,0,0.6013555005851375,0.3986444994148626
3073,8696-JKZNU,1,0.4259249463798404,0.5740750536201593
1042,8404-GFGCZ,0,0.5825866484678164,0.41741335153218384
386,3301-LSLWQ,0,0.5825866484678164,0.41741335153218384
3002,8290-YWKHZ,1,0.40446496293491196,0.595535037065088
4359,8550-XSXUQ,0,0.9147223266423987,0.08527767335760134
6969,8780-IHCRN,0,0.9733251961243038,0.026674803875695617
1228,0023-XUOPT,1,0.40446496293491196,0.595535037065088
4323,7833-PKIHD,0,0.9515577680261075,0.04844223197389239
4888,8166-ORCHU,0,0.8397163688174056,0.1602836311825942
5574,3908-MKIMJ,0,0.9077936893565386,0.09220631064346146
5348,0016-QLJIS,0,0.9324766548428214,0.06752334515717844
159,1442-BQPVU,0,0.6013555005851375,0.3986444994148626
3899,0440-MOGPM,0,0.8782749104991427,0.12172508950085716
3251,9576-ANLXO,0,0.5339254868195528,0.466074513180447
4086,3740-RLMVT,0,0.9733251961243038,0.026674803875695617
2794,7268-IGMFD,0,0.6217962481638205,0.3782037518361795
2828,7410-YTJIK,1,0.4259249463798404,0.5740750536201593
4575,2330-PQGDQ,0,0.9078056302073033,0.09219436979269677
4645,3680-CTHUH,0,0.8765030070179128,0.12349699298208726
2517,5937-EORGB,1,0.40446496293491196,0.595535037065088
6534,2007-QVGAW,0,0.9733251961243038,0.026674803875695617
6631,3458-IDMFK,0,0.957341728035704,0.04265827196429575
2940,7978-DKUQH,1,0.4259249463798404,0.5740750536201593
6037,1428-IEDPR,0,0.8397163688174056,0.1602836311825942
4633,3327-YBAKM,0,0.8397163688174056,0.1602836311825942
1080,8734-FNWVH,0,0.6671112323282177,0.332888767671782
2878,7613-LLQFO,1,0.40446496293491196,0.595535037065088
5550,3511-BFTJW,0,0.9456333861145779,0.05436661388542174
3538,3374-PZLXD,0,0.7652804543988877,0.23471954560111208
2333,5131-PONJI,0,0.521802794536145,0.47819720546385475
6405,0040-HALCW,0,0.9733251961243038,0.026674803875695617
2572,6173-ITPWD,0,0.5339254868195528,0.466074513180447
5591,4139-DETXS,0,0.9515577680261075,0.04844223197389239
2634,6474-FVJLC,1,0.40446496293491196,0.595535037065088
5509,2885-HIJDH,0,0.9515577680261075,0.04844223197389239
1220,9938-EKRGF,0,0.7159580935814571,0.28404190641854277
6720,4884-LEVMQ,0,0.9733251961243038,0.026674803875695617
2082,3990-QYKBE,1,0.40446496293491196,0.595535037065088
1235,0093-EXYQL,1,0.40446496293491196,0.595535037065088
2152,4315-MURBD,0,0.6217962481638205,0.3782037518361795
1442,1020-JPQOW,0,0.5965293476940922,0.4034706523059078
3619,4801-KFYKL,0,0.7976293359307711,0.20237066406922874
4247,6584-VQMYT,0,0.9077936893565386,0.09220631064346146
1865,3005-NFMTA,1,0.40446496293491196,0.595535037065088
2467,5666-CYCYZ,0,0.5427880121607214,0.45721198783927863
3066,8644-XLFBW,1,0.4259249463798404,0.5740750536201593
6825,6619-RPLQZ,0,0.957341728035704,0.04265827196429575
2559,6103-BOCOU,1,0.4259249463798404,0.5740750536201593
3908,0628-CNQRM,0,0.9515577680261075,0.04844223197389239
3965,1536-YHDOE,0,0.957341728035704,0.04265827196429575
1034,8348-HFYIV,0,0.5825866484678164,0.41741335153218384
1564,1658-BYGOY,1,0.40446496293491196,0.595535037065088
403,3446-QDSZF,0,0.6671112323282177,0.332888767671782
5660,5275-PMFUT,0,0.9515577680261075,0.04844223197389239
947,7729-JTEEC,0,0.6013555005851375,0.3986444994148626
6277,7036-TYDEC,0,0.8397163688174056,0.1602836311825942
6339,8591-TKMZH,0,0.8397163688174056,0.1602836311825942
566,4625-EWPTF,0,0.6013555005851375,0.3986444994148626
4080,3638-DIMPH,0,0.9077936893565386,0.09220631064346146
5970,9906-NHHVC,0,0.9147223266423987,0.08527767335760134
5601,4355-HBJHH,0,0.8782749104991427,0.12172508950085716
932,7615-ESMYF,0,0.5825866484678164,0.41741335153218384
6967,8755-OGKNA,0,0.9733251961243038,0.026674803875695617
6239,6339-TBELP,0,0.9078056302073033,0.09219436979269677
2609,6358-LYNGM,1,0.4259249463798404,0.5740750536201593
4455,0206-TBWLC,0,0.8397163688174056,0.1602836311825942
3938,1094-BKOSX,0,0.9515577680261075,0.04844223197389239
630,5103-MHMHY,0,0.6013555005851375,0.3986444994148626
3071,8687-BAFGU,0,0.5965293476940922,0.4034706523059078
1968,3440-JPSCL,0,0.5427880121607214,0.45721198783927863
1324,0455-XFASS,1,0.4259249463798404,0.5740750536201593
128,1208-NBVFH,0,0.6013555005851375,0.3986444994148626
812,6614-VBEGU,0,0.6671112323282177,0.332888767671782
3364,0303-WMMRN,0,0.7652804543988877,0.23471954560111208
5366,0301-FIDRB,0,0.9515577680261075,0.04844223197389239
5771,6867-ACCZI,0,0.9324766548428214,0.06752334515717844
2874,7598-UAASY,1,0.4259249463798404,0.5740750536201593
1018,8221-EQDGL,0,0.6013555005851375,0.3986444994148626
5015,1069-QJOEE,0,0.957341728035704,0.04265827196429575
2669,6646-VRFOL,1,0.40446496293491196,0.595535037065088
3957,1371-WEPDS,0,0.8782749104991427,0.12172508950085716
4231,6302-JGYRJ,0,0.9324766548428214,0.06752334515717844
3747,7526-IVLYU,0,0.7652804543988877,0.23471954560111208
3693,6286-SUUWT,0,0.7652804543988877,0.23471954560111208
1885,3094-JOJAI,1,0.4259249463798404,0.5740750536201593
6982,8957-THMOA,0,0.9733251961243038,0.026674803875695617
355,3055-MJDSB,0,0.6013555005851375,0.3986444994148626
4110,4189-NAKJS,0,0.9456333861145779,0.05436661388542174
2994,8224-DWCKX,0,0.5339254868195528,0.466074513180447
5552,3533-UVMOM,0,0.9147223266423987,0.08527767335760134
5075,2690-DVRVK,0,0.957341728035704,0.04265827196429575
4103,4106-HADHQ,0,0.9515577680261075,0.04844223197389239
53,0550-DCXLH,0,0.7159580935814571,0.28404190641854277
6603,3088-FVYWK,0,0.9733251961243038,0.026674803875695617
5931,9339-FIIJL,0,0.9515577680261075,0.04844223197389239
740,6029-CSMJE,0,0.6013555005851375,0.3986444994148626
1445,1028-FFNJK,0,0.5427880121607214,0.45721198783927863
127,1205-WNWPJ,0,0.7159580935814571,0.28404190641854277
4872,7820-ZYGNY,0,0.8112738370872923,0.18872616291270777
1901,3167-SNQPL,1,0.40446496293491196,0.595535037065088
6192,5271-YNWVR,0,0.8397163688174056,0.1602836311825942
696,5590-ZSKRV,0,0.6013555005851375,0.3986444994148626
5446,1814-WFGVS,0,0.9324766548428214,0.06752334515717844
1751,2575-GFSOE,1,0.4259249463798404,0.5740750536201593
2349,5188-HGMLP,0,0.5339254868195528,0.466074513180447
138,1304-BCCFO,0,0.5825866484678164,0.41741335153218384
6711,4785-FCIFB,0,0.957341728035704,0.04265827196429575
6847,6961-MJKBO,0,0.9733251961243038,0.026674803875695617
658,5309-TAIKL,0,0.7612857959550486,0.23871420404495122
6,0076-LVEPS,0,0.7652804543988877,0.23471954560111208
890,7273-TEFQD,0,0.5825866484678164,0.41741335153218384
3024,8417-FMLZI,0,0.521802794536145,0.47819720546385475
4671,4250-ZBWLV,0,0.8397163688174056,0.1602836311825942
849,6898-MDLZW,0,0.7652804543988877,0.23471954560111208
6274,7005-CYUIL,0,0.8397163688174056,0.1602836311825942
2319,5054-IEXZT,1,0.4259249463798404,0.5740750536201593
5413,0973-KYVNF,0,0.9147223266423987,0.08527767335760134
6468,1073-XXCZD,0,0.9733251961243038,0.026674803875695617
568,4640-UHDOS,0,0.5825866484678164,0.41741335153218384
5741,6434-TTGJP,0,0.9515577680261075,0.04844223197389239
5561,3649-JPUGY,0,0.9515577680261075,0.04844223197389239
3652,5515-IDEJJ,0,0.7652804543988877,0.23471954560111208
426,3629-WEAAM,0,0.7159580935814571,0.28404190641854277
4437,9830-ECLEN,0,0.8782749104991427,0.12172508950085716
63,0623-IIHUG,0,0.5825866484678164,0.41741335153218384
5290,8461-EFQYM,0,0.957341728035704,0.04265827196429575
1269,0225-ZORZP,1,0.40446496293491196,0.595535037065088
3240,9526-JAWYF,1,0.40446496293491196,0.595535037065088
2592,6284-AHOOQ,0,0.6217962481638205,0.3782037518361795
4322,7801-CEDNV,0,0.9456333861145779,0.05436661388542174
4713,4937-QPZPO,0,0.7579881818154917,0.2420118181845087
4795,6362-QHAFM,0,0.8397163688174056,0.1602836311825942
1514,1396-QWFBJ,0,0.5339254868195528,0.466074513180447
428,3640-JQGJG,0,0.6773911893133002,0.3226088106866992
1880,3070-DVEYC,1,0.4259249463798404,0.5740750536201593
5808,7398-HPYZQ,0,0.9515577680261075,0.04844223197389239
3163,9158-VCTQB,0,0.6217962481638205,0.3782037518361795
775,6313-GIDIT,0,0.5825866484678164,0.41741335153218384
1571,1689-MRZQR,1,0.40446496293491196,0.595535037065088
1406,0869-PAPRP,0,0.521802794536145,0.47819720546385475
6358,8929-KSWIH,0,0.8765030070179128,0.12349699298208726
5425,1209-VFFOC,0,0.9324766548428214,0.06752334515717844
1472,1194-HVAIF,0,0.521802794536145,0.47819720546385475
3505,2740-JFBOK,0,0.7652804543988877,0.23471954560111208
877,7130-CTCUS,0,0.6773911893133002,0.3226088106866992
912,7459-IMVYU,0,0.7652804543988877,0.23471954560111208
951,7742-MYPGI,0,0.7652804543988877,0.23471954560111208
6636,3521-HTQTV,0,0.9733251961243038,0.026674803875695617
3933,0983-TATYJ,0,0.957341728035704,0.04265827196429575
3311,9837-BMCLM,1,0.40446496293491196,0.595535037065088
3102,8816-VXNZD,1,0.4259249463798404,0.5740750536201593
5308,8884-FEEWR,0,0.9733251961243038,0.026674803875695617
4612,2931-VUVJN,0,0.8749650331307646,0.12503496686923551
6902,7717-BICXI,0,0.957341728035704,0.04265827196429575
3280,9701-CDXHR,1,0.4259249463798404,0.5740750536201593
5120,3982-JGSFD,0,0.9733251961243038,0.026674803875695617
5265,7632-YUTXB,0,0.957341728035704,0.04265827196429575
4245,6574-MCOEH,0,0.9324766548428214,0.06752334515717844
666,5366-OBVMR,0,0.7652804543988877,0.23471954560111208
5754,6603-YRDCJ,0,0.957341728035704,0.04265827196429575
772,6260-ONULR,0,0.5825866484678164,0.41741335153218384
3282,9714-EDSUC,0,0.5427880121607214,0.45721198783927863
4639,3511-APPBJ,0,0.8112738370872923,0.18872616291270777
4601,2806-MLNTI,0,0.8112738370872923,0.18872616291270777
555,4504-YOULA,0,0.6773911893133002,0.3226088106866992
1648,2074-GKOWZ,0,0.521802794536145,0.47819720546385475
4324,7838-LAZFO,0,0.9147223266423987,0.08527767335760134
6705,4703-MQYKT,0,0.957341728035704,0.04265827196429575
6993,9150-KPBJQ,0,0.9733251961243038,0.026674803875695617
6293,7564-GHCVB,0,0.8499922482623324,0.15000775173766728
1722,2452-KDRRH,0,0.521802794536145,0.47819720546385475
3825,9027-YFHQJ,0,0.7976293359307711,0.20237066406922874
2456,5628-FCGYG,1,0.40446496293491196,0.595535037065088
4678,4374-YMUSQ,0,0.8765030070179128,0.12349699298208726
161,1453-RZFON,0,0.6013555005851375,0.3986444994148626
6998,9251-AWQGT,0,0.957341728035704,0.04265827196429575
4773,5966-EMAZU,0,0.8397163688174056,0.1602836311825942
3956,1353-GHZOS,0,0.9147223266423987,0.08527767335760134
6972,8857-CUPFQ,0,0.957341728035704,0.04265827196429575
3213,9415-DPEWS,0,0.5427880121607214,0.45721198783927863
36,0374-AACSZ,0,0.6013555005851375,0.3986444994148626
2720,6907-NZZIJ,1,0.40446496293491196,0.595535037065088
1319,0428-IKYCP,0,0.521802794536145,0.47819720546385475
5358,0230-WEQUW,0,0.9515577680261075,0.04844223197389239
2016,3703-KBKZP,0,0.5339254868195528,0.466074513180447
864,7036-ZZKBD,0,0.7612857959550486,0.23871420404495122
3639,5143-WMWOG,0,0.7652804543988877,0.23471954560111208
6558,2346-CZYIL,0,0.9733251961243038,0.026674803875695617
2819,7394-FKDNK,1,0.40446496293491196,0.595535037065088
6371,9239-GZHZE,0,0.8765030070179128,0.12349699298208726
5033,1561-BWHIN,0,0.957341728035704,0.04265827196429575
6861,7161-DFHUF,0,0.957341728035704,0.04265827196429575
3007,8337-MSSXB,1,0.40446496293491196,0.595535037065088
3336,9927-DSWDF,0,0.5427880121607214,0.45721198783927863
1890,3106-ULWFW,0,0.521802794536145,0.47819720546385475
2904,7789-CRUVC,0,0.6617103668262011,0.33828963317379923
5656,5248-KWLAR,0,0.9324766548428214,0.06752334515717844
4007,2391-IPLOP,0,0.9324766548428214,0.06752334515717844
3536,3363-EWLGO,0,0.7652804543988877,0.23471954560111208
2917,7855-DIWPO,1,0.4259249463798404,0.5740750536201593
1875,3049-SOLAY,1,0.40446496293491196,0.595535037065088
3676,5996-DAOQL,0,0.7652804543988877,0.23471954560111208
5039,1722-LDZJS,0,0.9733251961243038,0.026674803875695617
3242,9540-JYROE,1,0.4259249463798404,0.5740750536201593
6207,5668-MEISB,0,0.8765030070179128,0.12349699298208726
4068,3468-DRVQJ,0,0.8782749104991427,0.12172508950085716
3089,8755-IWJHN,0,0.521802794536145,0.47819720546385475
6441,0608-JDVEC,0,0.957341728035704,0.04265827196429575
6814,6425-JWTDV,0,0.957341728035704,0.04265827196429575
6195,5304-EFJLP,0,0.8765030070179128,0.12349699298208726
2754,7074-IEVOJ,1,0.4259249463798404,0.5740750536201593
6006,0727-BNRLG,0,0.8765030070179128,0.12349699298208726
2578,6204-IEUXJ,0,0.6617103668262011,0.33828963317379923
2596,6311-UEUME,1,0.40446496293491196,0.595535037065088
5932,9348-ROUAI,0,0.9515577680261075,0.04844223197389239
5487,2351-BKRZW,0,0.9147223266423987,0.08527767335760134
1213,9862-KJTYK,0,0.6773911893133002,0.3226088106866992
2519,5940-NFXKV,1,0.40446496293491196,0.595535037065088
5183,5619-XZZKR,0,0.957341728035704,0.04265827196429575
6045,1555-DJEQW,0,0.8765030070179128,0.12349699298208726
1371,0650-BWOZN,1,0.4259249463798404,0.5740750536201593
3870,9962-BFPDU,0,0.7652804543988877,0.23471954560111208
4831,6946-LMSQS,0,0.7579881818154917,0.2420118181845087
2566,6161-UUUTA,1,0.40446496293491196,0.595535037065088
72,0708-SJDIS,0,0.7159580935814571,0.28404190641854277
3822,8974-OVACP,0,0.7652804543988877,0.23471954560111208
2873,7595-EUIVN,1,0.4259249463798404,0.5740750536201593
577,4695-VADHF,0,0.5825866484678164,0.41741335153218384
3771,7854-EKTJL,0,0.7652804543988877,0.23471954560111208
2239,4720-VSTSI,0,0.5339254868195528,0.466074513180447
5541,3399-BMLVW,0,0.9733251961243038,0.026674803875695617
3031,8444-WRIDW,0,0.5339254868195528,0.466074513180447
3173,9208-OLGAQ,1,0.40446496293491196,0.595535037065088
6501,1468-DEFNC,0,0.9733251961243038,0.026674803875695617
926,7587-RZNME,0,0.6013555005851375,0.3986444994148626
1818,2845-AFFTX,1,0.40446496293491196,0.595535037065088
1996,3571-RFHAR,0,0.5427880121607214,0.45721198783927863
3327,9903-LYSAB,1,0.4259249463798404,0.5740750536201593
2645,6538-POCHL,0,0.5339254868195528,0.466074513180447
2545,6032-KRXXO,1,0.40446496293491196,0.595535037065088
2003,3621-CEOVK,1,0.40446496293491196,0.595535037065088
6492,1302-TPUBN,0,0.9733251961243038,0.026674803875695617
6039,1452-UZOSF,0,0.8765030070179128,0.12349699298208726
4699,4753-PADAS,0,0.8112738370872923,0.18872616291270777
2916,7852-LECYP,0,0.521802794536145,0.47819720546385475
4131,4578-PHJYZ,0,0.9324766548428214,0.06752334515717844
1261,0195-IESCP,1,0.40446496293491196,0.595535037065088
1083,8740-XLHDR,0,0.7652804543988877,0.23471954560111208
6099,2988-QRAJY,0,0.8112738370872923,0.18872616291270777
4317,7746-QYVCO,0,0.9077936893565386,0.09220631064346146
4891,8226-BXGES,0,0.8499922482623324,0.15000775173766728
24,0277-BKSQP,0,0.5825866484678164,0.41741335153218384
2070,3943-KDREE,0,0.5339254868195528,0.466074513180447
5077,2788-CJQAQ,0,0.957341728035704,0.04265827196429575
1156,9381-NDKME,0,0.6671112323282177,0.332888767671782
6183,5153-LXKDT,0,0.7579881818154917,0.2420118181845087
3569,3936-QQFLL,0,0.7652804543988877,0.23471954560111208
4826,6849-OYAMU,0,0.8765030070179128,0.12349699298208726
790,6429-SHBCB,0,0.5825866484678164,0.41741335153218384
2487,5832-XKAES,0,0.5339254868195528,0.466074513180447
4283,7103-ZGVNT,0,0.9515577680261075,0.04844223197389239
6236,6297-NOOPG,0,0.8397163688174056,0.1602836311825942
3172,9191-MYQKX,0,0.5339254868195528,0.466074513180447
1583,1761-AEZZR,1,0.40446496293491196,0.595535037065088
578,4701-AHWMW,0,0.7612857959550486,0.23871420404495122
4681,4423-JWZJN,0,0.8112738370872923,0.18872616291270777
6315,7973-DZRKH,0,0.9078056302073033,0.09219436979269677
2032,3750-CKVKH,1,0.4259249463798404,0.5740750536201593
1188,9644-UMGQA,0,0.6013555005851375,0.3986444994148626
3438,1663-MHLHE,0,0.7652804543988877,0.23471954560111208
4592,2692-AQCPF,0,0.8765030070179128,0.12349699298208726
5477,2245-ADZFJ,0,0.9515577680261075,0.04844223197389239
7040,9964-WBQDJ,0,0.9733251961243038,0.026674803875695617
2744,7018-WBJNK,0,0.521802794536145,0.47819720546385475
377,3221-CJMSG,0,0.7976293359307711,0.20237066406922874
3203,9367-WXLCH,0,0.521802794536145,0.47819720546385475
5167,5177-RVZNU,0,0.9733251961243038,0.026674803875695617
1674,2195-ZRVAX,1,0.40446496293491196,0.595535037065088
3657,5562-YJQGT,0,0.7976293359307711,0.20237066406922874
4479,0580-PIQHM,0,0.8112738370872923,0.18872616291270777
5246,7137-NAXML,0,0.9733251961243038,0.026674803875695617
1388,0722-TROQR,1,0.4259249463798404,0.5740750536201593
6949,8464-EETCQ,0,0.9733251961243038,0.026674803875695617
302,2626-URJFX,0,0.6013555005851375,0.3986444994148626
6950,8514-VZHEB,0,0.957341728035704,0.04265827196429575
4237,6402-SSEJG,0,0.8782749104991427,0.12172508950085716
118,1101-SSWAG,0,0.6013555005851375,0.3986444994148626
4037,2877-VDUER,0,0.9324766548428214,0.06752334515717844
6036,1414-YADCW,0,0.9078056302073033,0.09219436979269677
6768,5666-MBJPT,0,0.9733251961243038,0.026674803875695617
6868,7268-WNTCP,0,0.9733251961243038,0.026674803875695617
928,7593-JNWRU,0,0.6773911893133002,0.3226088106866992
4716,5035-PGZXH,0,0.7579881818154917,0.2420118181845087
130,1215-VFYVK,0,0.7159580935814571,0.28404190641854277
922,7554-AKDQF,0,0.6013555005851375,0.3986444994148626
1110,8976-OQHGT,0,0.7652804543988877,0.23471954560111208
5478,2251-PYLPB,0,0.9515577680261075,0.04844223197389239
2233,4695-WJZUE,1,0.40446496293491196,0.595535037065088
3055,8610-WFCJF,1,0.40446496293491196,0.595535037065088
1715,2397-BRLOM,0,0.521802794536145,0.47819720546385475
7016,9574-BOSMD,0,0.9733251961243038,0.026674803875695617
6569,2520-SGTTA,0,0.957341728035704,0.04265827196429575
2103,4098-NAUKP,1,0.4259249463798404,0.5740750536201593
3169,9185-TQCVP,1,0.40446496293491196,0.595535037065088
4321,7795-CFOCW,0,0.9733251961243038,0.026674803875695617
3598,4541-RMRLG,0,0.7652804543988877,0.23471954560111208
4704,4816-OKWNX,0,0.8765030070179128,0.12349699298208726
1780,2683-BPJSO,1,0.4259249463798404,0.5740750536201593
3768,7845-URHJN,0,0.7976293359307711,0.20237066406922874
5898,8727-XDPUD,0,0.9147223266423987,0.08527767335760134
2250,4795-KTRTH,1,0.4259249463798404,0.5740750536201593
4319,7753-USQYQ,0,0.9324766548428214,0.06752334515717844
5143,4538-WNTMJ,0,0.957341728035704,0.04265827196429575
6561,2400-FEQME,0,0.957341728035704,0.04265827196429575
3220,9445-ZUEQE,0,0.6617103668262011,0.33828963317379923
2671,6653-CBBOM,1,0.4259249463798404,0.5740750536201593
1761,2632-UCGVD,0,0.6217962481638205,0.3782037518361795
5174,5380-XPJNZ,0,0.957341728035704,0.04265827196429575
193,1697-NVVGY,0,0.6671112323282177,0.332888767671782
105,0975-VOOVL,0,0.6013555005851375,0.3986444994148626
5606,4568-KNYWR,0,0.9147223266423987,0.08527767335760134
2178,4465-VDKIQ,1,0.4259249463798404,0.5740750536201593
6063,2040-XBAVJ,0,0.8765030070179128,0.12349699298208726
5067,2560-QTSBS,0,0.9733251961243038,0.026674803875695617
1843,2951-QOQTK,0,0.6617103668262011,0.33828963317379923
6173,4829-ZLJTK,0,0.7579881818154917,0.2420118181845087
6002,0665-XHDJU,0,0.7579881818154917,0.2420118181845087
6376,9405-GPBBG,0,0.8765030070179128,0.12349699298208726
1741,2514-GINMM,1,0.40446496293491196,0.595535037065088
5534,3259-QMXUN,0,0.8782749104991427,0.12172508950085716
6082,2521-NPUZR,0,0.8765030070179128,0.12349699298208726
3271,9661-ACXBS,1,0.40446496293491196,0.595535037065088
6704,4698-KVLLG,0,0.9733251961243038,0.026674803875695617
4217,6121-TNHBO,0,0.9515577680261075,0.04844223197389239
3608,4712-UYOOI,0,0.7652804543988877,0.23471954560111208
843,6859-RKMZJ,0,0.6671112323282177,0.332888767671782
4880,8008-ESFLK,0,0.8397163688174056,0.1602836311825942
4134,4626-OZDTJ,0,0.9515577680261075,0.04844223197389239
3378,0547-HURJB,0,0.7976293359307711,0.20237066406922874
4184,5499-ECUTN,0,0.9147223266423987,0.08527767335760134
2438,5564-NEMQO,0,0.5339254868195528,0.466074513180447
6312,7929-SKFGK,0,0.8765030070179128,0.12349699298208726
2037,3765-JXVKY,1,0.4259249463798404,0.5740750536201593
405,3466-BYAVD,0,0.7159580935814571,0.28404190641854277
1119,9039-RBEEE,0,0.7612857959550486,0.23871420404495122
4705,4827-LTQRJ,0,0.8765030070179128,0.12349699298208726
5396,0730-BGQGF,0,0.9515577680261075,0.04844223197389239
3466,2129-ALKBS,0,0.7652804543988877,0.23471954560111208
6962,8727-JQFHV,0,0.957341728035704,0.04265827196429575
1525,1452-VOQCH,1,0.4259249463798404,0.5740750536201593
542,4432-ADRLB,0,0.6013555005851375,0.3986444994148626
3258,9605-WGJVW,1,0.4259249463798404,0.5740750536201593
5045,1834-WULEG,0,0.957341728035704,0.04265827196429575
1985,3522-CDKHF,0,0.5339254868195528,0.466074513180447
4863,7661-CPURM,0,0.8765030070179128,0.12349699298208726
3449,1855-CFULU,0,0.7652804543988877,0.23471954560111208
1006,8108-UXRQN,0,0.5825866484678164,0.41741335153218384
3333,9921-EZKBY,0,0.521802794536145,0.47819720546385475
3511,2866-IKBTM,0,0.7652804543988877,0.23471954560111208
3847,9367-TCUYN,0,0.7652804543988877,0.23471954560111208
89,0822-QGCXA,0,0.7159580935814571,0.28404190641854277
2000,3588-WSTTJ,1,0.40446496293491196,0.595535037065088
3541,3486-KHMLI,0,0.7652804543988877,0.23471954560111208
5127,4291-YZODP,0,0.957341728035704,0.04265827196429575
2552,6078-VESFR,0,0.5339254868195528,0.466074513180447
3917,0723-FDLAY,0,0.9515577680261075,0.04844223197389239
847,6888-SBYAI,0,0.6013555005851375,0.3986444994148626
413,3537-RYBHH,0,0.6773911893133002,0.3226088106866992
6335,8466-PZBLH,0,0.8765030070179128,0.12349699298208726
1166,9504-DSHWM,0,0.7976293359307711,0.20237066406922874
1211,9842-EFSYY,0,0.5825866484678164,0.41741335153218384
3207,9398-MMQTO,0,0.5339254868195528,0.466074513180447
2920,7881-INRLC,0,0.521802794536145,0.47819720546385475
4817,6728-VOIFY,0,0.7579881818154917,0.2420118181845087
918,7520-HQWJU,0,0.6773911893133002,0.3226088106866992
2031,3746-EUBYR,0,0.5339254868195528,0.466074513180447
2281,4879-GZLFH,1,0.40446496293491196,0.595535037065088
2725,6923-JHPMP,1,0.4259249463798404,0.5740750536201593
1777,2674-MLXMN,0,0.521802794536145,0.47819720546385475
3305,9809-IMGCQ,1,0.40446496293491196,0.595535037065088
2750,7044-YAACC,1,0.4259249463798404,0.5740750536201593
4701,4791-QRGMF,0,0.8112738370872923,0.18872616291270777
6846,6928-ONTRW,0,0.9733251961243038,0.026674803875695617
5486,2335-GSODA,0,0.957341728035704,0.04265827196429575
2029,3737-XBQDD,0,0.5339254868195528,0.466074513180447
104,0953-LGOVU,0,0.7652804543988877,0.23471954560111208
4569,2266-SJNAT,0,0.8765030070179128,0.12349699298208726
6831,6698-OXETB,0,0.957341728035704,0.04265827196429575
1933,3315-TOTBP,1,0.4259249463798404,0.5740750536201593
2829,7422-WNBTY,1,0.40446496293491196,0.595535037065088
1424,0927-LCSMG,1,0.4259249463798404,0.5740750536201593
2562,6116-RFVHN,1,0.40446496293491196,0.595535037065088
5395,0707-HOVVN,0,0.9515577680261075,0.04844223197389239
2735,6985-HAYWX,0,0.5339254868195528,0.466074513180447
1341,0524-IAVZO,1,0.40446496293491196,0.595535037065088
6343,8659-IOOPU,0,0.8397163688174056,0.1602836311825942
6068,2223-GDSHL,0,0.8765030070179128,0.12349699298208726
1467,1170-SASML,0,0.5339254868195528,0.466074513180447
4137,4644-PIZRT,0,0.9147223266423987,0.08527767335760134
3787,8138-EALND,0,0.7652804543988877,0.23471954560111208
2764,7133-VBDCG,0,0.5339254868195528,0.466074513180447
3420,1383-EZRWL,0,0.7652804543988877,0.23471954560111208
3403,1087-UDSIH,0,0.7652804543988877,0.23471954560111208
1851,2974-GGUXS,0,0.521802794536145,0.47819720546385475
163,1465-LNTLJ,0,0.7612857959550486,0.23871420404495122
581,4710-NKCAW,0,0.7976293359307711,0.20237066406922874
257,2209-XADXF,0,0.6773911893133002,0.3226088106866992
5927,9281-CEDRU,0,0.9515577680261075,0.04844223197389239
1263,0196-VULGZ,1,0.40446496293491196,0.595535037065088
3617,4797-MIWUM,0,0.7976293359307711,0.20237066406922874
6850,6980-IMXXE,0,0.9733251961243038,0.026674803875695617
6071,2277-BKJKN,0,0.7579881818154917,0.2420118181845087
6488,1248-DYXUB,0,0.957341728035704,0.04265827196429575
2105,4110-PFEUZ,1,0.4259249463798404,0.5740750536201593
828,6704-UTUKK,0,0.5825866484678164,0.41741335153218384
3486,2465-BLLEU,0,0.7652804543988877,0.23471954560111208
4071,3489-VSFRD,0,0.9733251961243038,0.026674803875695617
3878,0068-FIGTF,0,0.9324766548428214,0.06752334515717844
167,1496-GGSUK,0,0.6013555005851375,0.3986444994148626
5212,6223-DHJGV,0,0.957341728035704,0.04265827196429575
1325,0461-CVKMU,0,0.5965293476940922,0.4034706523059078
3524,3077-RSNTJ,0,0.7652804543988877,0.23471954560111208
5089,3079-BCHLN,0,0.9733251961243038,0.026674803875695617
3059,8623-TMRBY,1,0.4259249463798404,0.5740750536201593
3659,5616-PRTNT,0,0.7652804543988877,0.23471954560111208
4496,0931-MHTEM,0,0.8112738370872923,0.18872616291270777
1905,3178-FESZO,0,0.521802794536145,0.47819720546385475
2897,7752-XUSCI,1,0.40446496293491196,0.595535037065088
42,0411-EZJZE,0,0.5825866484678164,0.41741335153218384
4939,9134-WYRVP,0,0.7579881818154917,0.2420118181845087
1252,0141-YEAYS,0,0.5339254868195528,0.466074513180447
3810,8713-IGZSO,0,0.7652804543988877,0.23471954560111208
609,4950-BDEUX,0,0.5825866484678164,0.41741335153218384
3540,3407-QGWLG,0,0.7652804543988877,0.23471954560111208
6584,2718-YSKCS,0,0.9733251961243038,0.026674803875695617
5767,6732-VAILE,0,0.9515577680261075,0.04844223197389239
2823,7398-SKNQZ,1,0.40446496293491196,0.595535037065088
5686,5707-ZMDJP,0,0.9324766548428214,0.06752334515717844
6784,5884-FBCTL,0,0.9733251961243038,0.026674803875695617
667,5378-IKEEG,0,0.5825866484678164,0.41741335153218384
3589,4255-DDUOU,0,0.7652804543988877,0.23471954560111208
5132,4359-INNWN,0,0.9733251961243038,0.026674803875695617
5302,8748-HFWBO,0,0.957341728035704,0.04265827196429575
1338,0511-JTEOY,1,0.4259249463798404,0.5740750536201593
5622,4827-DPADN,0,0.9515577680261075,0.04844223197389239
5707,5993-JSUWV,0,0.9456333861145779,0.05436661388542174
2451,5605-IYGFG,0,0.5339254868195528,0.466074513180447
4420,9592-ERDKV,0,0.8782749104991427,0.12172508950085716
1771,2665-NPTGL,0,0.521802794536145,0.47819720546385475
6666,3957-SQXML,0,0.9733251961243038,0.026674803875695617
3867,9867-NNXLC,0,0.7652804543988877,0.23471954560111208
5515,2990-IAJSV,0,0.9515577680261075,0.04844223197389239
3132,8990-ZXLSU,1,0.4259249463798404,0.5740750536201593
114,1078-TDCRN,0,0.6013555005851375,0.3986444994148626
4171,5196-WPYOW,0,0.957341728035704,0.04265827196429575
3105,8819-IMISP,1,0.4259249463798404,0.5740750536201593
4867,7716-YTYHG,0,0.7579881818154917,0.2420118181845087
2727,6941-PMGEP,1,0.40446496293491196,0.595535037065088
1606,1902-XBTFB,1,0.40446496293491196,0.595535037065088
7018,9588-YRFHY,0,0.9733251961243038,0.026674803875695617
3211,9408-SSNVZ,1,0.4259249463798404,0.5740750536201593
1784,2691-NZETQ,1,0.40446496293491196,0.595535037065088
1836,2911-WDXMV,0,0.5339254868195528,0.466074513180447
4295,7269-JISCY,0,0.9456333861145779,0.05436661388542174
6155,4304-TSPVK,0,0.8765030070179128,0.12349699298208726
6295,7569-NMZYQ,0,0.8765030070179128,0.12349699298208726
2582,6221-AVQYL,0,0.5339254868195528,0.466074513180447
2503,5898-IGSLP,0,0.5965293476940922,0.4034706523059078
5621,4782-OSFXZ,0,0.9515577680261075,0.04844223197389239
4235,6352-GIGGQ,0,0.9515577680261075,0.04844223197389239
582,4712-AUQZO,0,0.6013555005851375,0.3986444994148626
1257,0177-PXBAT,0,0.6217962481638205,0.3782037518361795
1919,3223-DWFIO,1,0.4259249463798404,0.5740750536201593
6742,5220-AGAAX,0,0.9733251961243038,0.026674803875695617
3014,8378-LKJAF,0,0.521802794536145,0.47819720546385475
5718,6122-EFVKN,0,0.957341728035704,0.04265827196429575
6340,8606-CIQUL,0,0.8765030070179128,0.12349699298208726
6111,3258-SYSWS,0,0.8765030070179128,0.12349699298208726
2717,6899-PPEEA,1,0.40446496293491196,0.595535037065088
401,3439-GVUSX,0,0.6013555005851375,0.3986444994148626
3879,0074-HDKDG,0,0.9456333861145779,0.05436661388542174
6177,5013-SBUIH,0,0.8397163688174056,0.1602836311825942
5565,3745-HRPHI,0,0.9515577680261075,0.04844223197389239
621,5047-LHVLY,0,0.6013555005851375,0.3986444994148626
6651,3721-WKIIL,0,0.957341728035704,0.04265827196429575
50,0516-WJVXC,0,0.7652804543988877,0.23471954560111208
4485,0727-BMPLR,0,0.7579881818154917,0.2420118181845087
6455,0827-ITJPH,0,0.9733251961243038,0.026674803875695617
2584,6229-LSCKB,1,0.40446496293491196,0.595535037065088
5976,0013-SMEOE,0,0.8765030070179128,0.12349699298208726
3209,9402-ORRAH,1,0.40446496293491196,0.595535037065088
6592,2848-YXSMW,0,0.9733251961243038,0.026674803875695617
4766,5734-EJKXG,0,0.8397163688174056,0.1602836311825942
3303,9801-GDWGV,1,0.40446496293491196,0.595535037065088
2292,4927-WWOOZ,1,0.40446496293491196,0.595535037065088
668,5382-TEMLV,0,0.6773911893133002,0.3226088106866992
4552,1984-FCOWB,0,0.8397163688174056,0.1602836311825942
1915,3208-YPIOE,1,0.4259249463798404,0.5740750536201593
3177,9237-HQITU,1,0.4259249463798404,0.5740750536201593
5248,7216-KAOID,0,0.9733251961243038,0.026674803875695617
4029,2724-FJDYW,0,0.9515577680261075,0.04844223197389239
6974,8859-DZTGQ,0,0.957341728035704,0.04265827196429575
1873,3045-XETSH,1,0.40446496293491196,0.595535037065088
3909,0635-WKOLD,0,0.9515577680261075,0.04844223197389239
5634,4967-WPNCF,0,0.9515577680261075,0.04844223197389239
3452,1925-GMVBW,0,0.7976293359307711,0.20237066406922874
5227,6674-KVJHG,0,0.957341728035704,0.04265827196429575
1169,9518-IMLHK,0,0.7612857959550486,0.23871420404495122
6622,3284-SVCRO,0,0.957341728035704,0.04265827196429575
5768,6741-QRLUP,0,0.9515577680261075,0.04844223197389239
2013,3671-SHRSP,0,0.5965293476940922,0.4034706523059078
2822,7398-LXGYX,0,0.5339254868195528,0.466074513180447
3208,9399-APLBT,1,0.4259249463798404,0.5740750536201593
3156,9121-PHQSR,0,0.521802794536145,0.47819720546385475
195,1703-MGIAB,0,0.7159580935814571,0.28404190641854277
1323,0447-RXSGD,0,0.521802794536145,0.47819720546385475
4882,8034-RYTVV,0,0.8499922482623324,0.15000775173766728
3044,8535-SFUTN,1,0.40446496293491196,0.595535037065088
7032,9800-OUIGR,0,0.9733251961243038,0.026674803875695617
1997,3572-UOLYZ,0,0.6617103668262011,0.33828963317379923
4606,2889-FPWRM,0,0.8765030070179128,0.12349699298208726
4153,4903-CNOZC,0,0.9147223266423987,0.08527767335760134
760,6171-ZTVYB,0,0.7976293359307711,0.20237066406922874
5150,4685-TFLLS,0,0.9733251961243038,0.026674803875695617
6159,4389-UEFCZ,0,0.7579881818154917,0.2420118181845087
1556,1618-CFHME,1,0.4259249463798404,0.5740750536201593
396,3402-XRIUO,0,0.7652804543988877,0.23471954560111208
1802,2789-HQBOU,1,0.40446496293491196,0.595535037065088
5951,9560-BBZXK,0,0.9456333861145779,0.05436661388542174
2352,5201-FRKKS,0,0.5339254868195528,0.466074513180447
5893,8645-KOMJQ,0,0.9515577680261075,0.04844223197389239
6425,0402-OAMEN,0,0.9733251961243038,0.026674803875695617
240,2100-BDNSN,0,0.7612857959550486,0.23871420404495122
1867,3006-XIMLN,0,0.521802794536145,0.47819720546385475
6805,6285-FTQBF,0,0.9733251961243038,0.026674803875695617
619,5027-XWQHA,0,0.6013555005851375,0.3986444994148626
5168,5201-CBWYG,0,0.9733251961243038,0.026674803875695617
1480,1216-JWVUX,1,0.4259249463798404,0.5740750536201593
5307,8873-TMKGR,0,0.957341728035704,0.04265827196429575
1460,1104-TNLZA,0,0.5427880121607214,0.45721198783927863
6954,8544-JNBOX,0,0.957341728035704,0.04265827196429575
528,4349-GFQHK,0,0.6013555005851375,0.3986444994148626
5811,7408-OFWXJ,0,0.9515577680261075,0.04844223197389239
4201,5837-LXSDN,0,0.9147223266423987,0.08527767335760134
4178,5306-BVTKJ,0,0.9456333861145779,0.05436661388542174
6709,4774-HHGGS,0,0.957341728035704,0.04265827196429575
2860,7549-MYGPK,1,0.40446496293491196,0.595535037065088
3137,9025-AOMKI,0,0.521802794536145,0.47819720546385475
92,0841-NULXI,0,0.5825866484678164,0.41741335153218384
679,5478-JJVZK,0,0.6013555005851375,0.3986444994148626
6773,5743-KHMNA,0,0.9733251961243038,0.026674803875695617
3090,8761-NSOBC,0,0.5427880121607214,0.45721198783927863
3549,3675-EQOZA,0,0.7976293359307711,0.20237066406922874
4627,3224-DFQNQ,0,0.8749650331307646,0.12503496686923551
5177,5505-OVWQW,0,0.957341728035704,0.04265827196429575
4589,2636-SJDOU,0,0.8499922482623324,0.15000775173766728
5363,0270-THENM,0,0.9733251961243038,0.026674803875695617
2048,3834-XUIFC,1,0.40446496293491196,0.595535037065088
258,2219-MVUSO,0,0.6013555005851375,0.3986444994148626
3559,3752-CQSJI,0,0.7652804543988877,0.23471954560111208
5847,8046-DNVTL,0,0.9733251961243038,0.026674803875695617
1910,3196-NVXLZ,1,0.40446496293491196,0.595535037065088
5261,7452-FOLON,0,0.9733251961243038,0.026674803875695617
4252,6682-VCIXC,0,0.9515577680261075,0.04844223197389239
2687,6729-GDNGC,0,0.521802794536145,0.47819720546385475
5148,4636-TVXVG,0,0.9733251961243038,0.026674803875695617
5133,4378-BZYFP,0,0.957341728035704,0.04265827196429575
2950,8017-LXHFA,1,0.40446496293491196,0.595535037065088
4010,2450-ZKEED,0,0.9733251961243038,0.026674803875695617
6502,1494-EJZDW,0,0.957341728035704,0.04265827196429575
1461,1110-KYLGQ,0,0.521802794536145,0.47819720546385475
2856,7537-CBQUZ,0,0.521802794536145,0.47819720546385475
1030,8286-AFUYI,0,0.6013555005851375,0.3986444994148626
5861,8197-BFWVU,0,0.9515577680261075,0.04844223197389239
442,3714-XPXBW,0,0.7612857959550486,0.23871420404495122
2667,6645-MXQJT,1,0.40446496293491196,0.595535037065088
5107,3572-UUHRS,0,0.9733251961243038,0.026674803875695617
830,6713-OKOMC,0,0.6013555005851375,0.3986444994148626
5326,9498-FIMXL,0,0.957341728035704,0.04265827196429575
3183,9274-UARKJ,0,0.521802794536145,0.47819720546385475
3741,7302-ZHMHP,0,0.7652804543988877,0.23471954560111208
1642,2055-PDADH,1,0.4259249463798404,0.5740750536201593
3846,9367-OIUXP,0,0.7652804543988877,0.23471954560111208
2375,5293-WXJAK,0,0.6217962481638205,0.3782037518361795
6818,6518-KZXCB,0,0.957341728035704,0.04265827196429575
3488,2480-JZOSN,0,0.7652804543988877,0.23471954560111208
2567,6166-ILMNY,0,0.5339254868195528,0.466074513180447
379,3237-AJGEH,0,0.7652804543988877,0.23471954560111208
644,5175-AOBHI,0,0.6013555005851375,0.3986444994148626
1275,0256-LTHVJ,1,0.40446496293491196,0.595535037065088
2280,4873-ILOLJ,1,0.40446496293491196,0.595535037065088
1918,3217-FZDMN,0,0.521802794536145,0.47819720546385475
2505,5899-OUVKV,1,0.40446496293491196,0.595535037065088
6717,4836-WNFNO,0,0.9733251961243038,0.026674803875695617
256,2207-OBZNX,0,0.6013555005851375,0.3986444994148626
4847,7203-OYKCT,0,0.7579881818154917,0.2420118181845087
4512,1169-SAOCL,0,0.8765030070179128,0.12349699298208726
1721,2446-PLQVO,1,0.4259249463798404,0.5740750536201593
6918,8043-PNYSD,0,0.957341728035704,0.04265827196429575
6772,5730-DBDSI,0,0.9733251961243038,0.026674803875695617
6947,8441-SHIPE,0,0.9733251961243038,0.026674803875695617
850,6905-NIQIN,0,0.6013555005851375,0.3986444994148626
3513,2882-DDZPG,0,0.7976293359307711,0.20237066406922874
2385,5331-RGMTT,0,0.521802794536145,0.47819720546385475
3433,1563-IWQEX,0,0.7652804543988877,0.23471954560111208
6944,8388-DMKAE,0,0.957341728035704,0.04265827196429575
5575,3911-RSNHI,0,0.9515577680261075,0.04844223197389239
547,4459-BBGHE,0,0.5825866484678164,0.41741335153218384
3744,7407-SUJIZ,0,0.7652804543988877,0.23471954560111208
5014,1064-FBXNK,0,0.9733251961243038,0.026674803875695617
685,5501-TVMGM,0,0.5825866484678164,0.41741335153218384
5724,6203-HBZPA,0,0.9515577680261075,0.04844223197389239
3275,9688-YGXVR,0,0.521802794536145,0.47819720546385475
6212,5716-EZXZN,0,0.8765030070179128,0.12349699298208726
3820,8944-AILEF,0,0.7976293359307711,0.20237066406922874
746,6092-QZVPP,0,0.7612857959550486,0.23871420404495122
4353,8319-QBEHW,0,0.9147223266423987,0.08527767335760134
3819,8942-DBMHZ,0,0.7652804543988877,0.23471954560111208
2040,3791-LGQCY,0,0.521802794536145,0.47819720546385475
6725,4979-HPRFL,0,0.9733251961243038,0.026674803875695617
454,3797-VTIDR,0,0.6013555005851375,0.3986444994148626
5827,7649-SIJJF,0,0.9324766548428214,0.06752334515717844
2420,5453-AXEPF,0,0.5339254868195528,0.466074513180447
6218,5914-XRFQB,0,0.8765030070179128,0.12349699298208726
3866,9860-LISIZ,0,0.7652804543988877,0.23471954560111208
3881,0083-PIVIK,0,0.9324766548428214,0.06752334515717844
6322,8089-UZWLX,0,0.8112738370872923,0.18872616291270777
6414,0264-CNITK,0,0.9733251961243038,0.026674803875695617
2944,7993-PYKOF,1,0.4259249463798404,0.5740750536201593
554,4501-VCPFK,0,0.7652804543988877,0.23471954560111208
1093,8806-EAGWC,0,0.5825866484678164,0.41741335153218384
2999,8266-VBFQL,0,0.5427880121607214,0.45721198783927863
293,2582-FFFZR,0,0.5825866484678164,0.41741335153218384
506,4201-JMNGR,0,0.6013555005851375,0.3986444994148626
5884,8510-TMWYB,0,0.9456333861145779,0.05436661388542174
5923,9225-BZLNZ,0,0.8782749104991427,0.12172508950085716
4144,4759-PXTAN,0,0.9324766548428214,0.06752334515717844
4461,0330-BGYZE,0,0.8112738370872923,0.18872616291270777
3435,1614-JBEBI,0,0.7652804543988877,0.23471954560111208
3146,9058-MJLZC,1,0.40446496293491196,0.595535037065088
2798,7277-OZCGZ,0,0.5427880121607214,0.45721198783927863
1407,0871-URUWO,0,0.521802794536145,0.47819720546385475
2159,4369-HTUIF,0,0.521802794536145,0.47819720546385475
3855,9578-FOMUK,0,0.7652804543988877,0.23471954560111208
4495,0898-XCGTF,0,0.8112738370872923,0.18872616291270777
5726,6253-GNHWH,0,0.957341728035704,0.04265827196429575
480,3999-WRNGR,0,0.5825866484678164,0.41741335153218384
5508,2882-WDTBA,0,0.9515577680261075,0.04844223197389239
1743,2519-FAKOD,0,0.521802794536145,0.47819720546385475
6576,2607-DHDAK,0,0.9733251961243038,0.026674803875695617
2132,4234-XTNEA,1,0.40446496293491196,0.595535037065088
3592,4390-KYULV,0,0.7976293359307711,0.20237066406922874
4946,9323-HGFWY,0,0.8765030070179128,0.12349699298208726
2156,4343-EJVQB,1,0.4259249463798404,0.5740750536201593
6514,1709-EJDOX,0,0.957341728035704,0.04265827196429575
3081,8728-SKJLR,0,0.5965293476940922,0.4034706523059078
1811,2823-LKABH,0,0.6217962481638205,0.3782037518361795
3391,0927-CNGRH,0,0.7652804543988877,0.23471954560111208
5798,7233-PAHHL,0,0.9324766548428214,0.06752334515717844
2224,4647-MUZON,0,0.521802794536145,0.47819720546385475
4950,9391-DXGGG,0,0.8112738370872923,0.18872616291270777
3344,9957-YODKZ,1,0.4259249463798404,0.5740750536201593
1196,9734-UYXQI,0,0.6013555005851375,0.3986444994148626
1078,8722-NGNBH,0,0.7652804543988877,0.23471954560111208
5625,4849-PYRLQ,0,0.9515577680261075,0.04844223197389239
147,1355-KUSBG,0,0.6013555005851375,0.3986444994148626
2117,4143-OOBWZ,1,0.4259249463798404,0.5740750536201593
1829,2874-YXVVA,0,0.5427880121607214,0.45721198783927863
2952,8020-BWHYL,0,0.5339254868195528,0.466074513180447
673,5423-BHIXO,0,0.6013555005851375,0.3986444994148626
6433,0505-SPOOW,0,0.9733251961243038,0.026674803875695617
1569,1678-FYZOW,1,0.40446496293491196,0.595535037065088
6531,1985-MBRYP,0,0.9733251961243038,0.026674803875695617
5022,1226-JZNKR,0,0.957341728035704,0.04265827196429575
1394,0754-UKWQP,1,0.40446496293491196,0.595535037065088
6237,6308-CQRBU,0,0.8397163688174056,0.1602836311825942
5339,9746-UGFAC,0,0.9733251961243038,0.026674803875695617
1618,1965-DDBWU,0,0.6217962481638205,0.3782037518361795
4064,3417-TSCIC,0,0.9077936893565386,0.09220631064346146
5770,6762-QVYJO,0,0.9324766548428214,0.06752334515717844
6276,7030-FZTFM,0,0.8765030070179128,0.12349699298208726
5580,3967-KXAPS,0,0.9515577680261075,0.04844223197389239
5975,9995-HOTOH,0,0.8782749104991427,0.12172508950085716
4074,3569-VLDHH,0,0.9324766548428214,0.06752334515717844
5192,5857-XRECV,0,0.9733251961243038,0.026674803875695617
939,7663-RGWBC,0,0.6013555005851375,0.3986444994148626
6625,3359-DSRKA,0,0.957341728035704,0.04265827196429575
3884,0121-SNYRK,0,0.957341728035704,0.04265827196429575
1408,0872-NXJYS,1,0.40446496293491196,0.595535037065088
3469,2171-UDMFD,0,0.7976293359307711,0.20237066406922874
4258,6778-EICRF,0,0.8782749104991427,0.12172508950085716
583,4718-DHSMV,0,0.5825866484678164,0.41741335153218384
1823,2865-TCHJW,1,0.40446496293491196,0.595535037065088
825,6682-QJDGB,0,0.6013555005851375,0.3986444994148626
5761,6695-AMZUF,0,0.9515577680261075,0.04844223197389239
3497,2668-TZSPS,0,0.7652804543988877,0.23471954560111208
757,6143-JQKEA,0,0.6773911893133002,0.3226088106866992
3237,9512-UIBFX,1,0.40446496293491196,0.595535037065088
1532,1481-ZUWZA,0,0.521802794536145,0.47819720546385475
5831,7758-UJWYS,0,0.9324766548428214,0.06752334515717844
1176,9564-KCLHR,0,0.7652804543988877,0.23471954560111208
2228,4659-NZRUF,1,0.40446496293491196,0.595535037065088
6123,3552-CTCYF,0,0.8112738370872923,0.18872616291270777
1293,0329-GTIAJ,0,0.5427880121607214,0.45721198783927863
2565,6140-QNRQQ,1,0.4259249463798404,0.5740750536201593
144,1335-NTIUC,0,0.6013555005851375,0.3986444994148626
4944,9249-FXSCK,0,0.8765030070179128,0.12349699298208726
4338,8050-XGRVL,0,0.9456333861145779,0.05436661388542174
2710,6877-TJMBR,0,0.5427880121607214,0.45721198783927863
2347,5183-SNMJQ,0,0.6217962481638205,0.3782037518361795
2905,7801-KICAO,1,0.4259249463798404,0.5740750536201593
2,0015-UOCOJ,0,0.6013555005851375,0.3986444994148626
4807,6617-WLBQC,0,0.8499922482623324,0.15000775173766728
6891,7606-BPHHN,0,0.9733251961243038,0.026674803875695617
3478,2332-EFBJY,0,0.7652804543988877,0.23471954560111208
437,3688-FTHLT,0,0.6671112323282177,0.332888767671782
4089,3863-IUBJR,0,0.9147223266423987,0.08527767335760134
2984,8161-QYMTT,1,0.40446496293491196,0.595535037065088
3953,1309-XGFSN,0,0.8782749104991427,0.12172508950085716
3584,4195-SMMNX,0,0.7652804543988877,0.23471954560111208
6505,1574-DYCWE,0,0.957341728035704,0.04265827196429575
5178,5512-IDZEI,0,0.957341728035704,0.04265827196429575
4282,7102-JJVTX,0,0.9077936893565386,0.09220631064346146
3192,9300-RENDD,1,0.40446496293491196,0.595535037065088
2978,8123-QBNAZ,0,0.521802794536145,0.47819720546385475
2531,5980-NOPLP,1,0.40446496293491196,0.595535037065088
5996,0454-OKRCT,0,0.9078056302073033,0.09219436979269677
6915,7996-MHXLW,0,0.9733251961243038,0.026674803875695617
362,3091-FYHKI,0,0.5825866484678164,0.41741335153218384
3996,2239-CGBUZ,0,0.9733251961243038,0.026674803875695617
2884,7658-UYUQS,0,0.521802794536145,0.47819720546385475
2891,7703-ZEKEF,1,0.4259249463798404,0.5740750536201593
1001,8082-GHXOP,0,0.6013555005851375,0.3986444994148626
5939,9453-PATOS,0,0.9324766548428214,0.06752334515717844
1330,0487-RPVUM,0,0.6217962481638205,0.3782037518361795
2533,5982-FPVQN,1,0.40446496293491196,0.595535037065088
5577,3933-DQPWX,0,0.9733251961243038,0.026674803875695617
2421,5461-QKNTN,0,0.5427880121607214,0.45721198783927863
2047,3814-MLAXC,0,0.6617103668262011,0.33828963317379923
3591,4365-MSDYN,0,0.7976293359307711,0.20237066406922874
3645,5356-RHIPP,0,0.7652804543988877,0.23471954560111208
899,7361-YPXFS,0,0.7976293359307711,0.20237066406922874
5141,4530-NDRKU,0,0.957341728035704,0.04265827196429575
6690,4475-NVTLU,0,0.957341728035704,0.04265827196429575
3898,0384-LPITE,0,0.9147223266423987,0.08527767335760134
924,7579-OOPEC,0,0.6773911893133002,0.3226088106866992
4517,1265-XTECC,0,0.8112738370872923,0.18872616291270777
6234,6257-DTAYD,0,0.8765030070179128,0.12349699298208726
3351,0030-FNXPP,0,0.7652804543988877,0.23471954560111208
779,6338-AVWCY,0,0.5825866484678164,0.41741335153218384
